,Date,Time,A,B,C,D,E,F,G,H,I,J,K,L,M,N,O,P,R
0,27/02/2005,00.00.00,0.5486245880878858,-0.7724920525689891,0.4733948685846613,-0.8558896993853454,-0.3073639114331425,-0.8093796307669519,-0.055062500866469216,-0.615432212121049,0.5836673249513786,-0.7189238425466196,-0.9834747848583056,0.16899134429762758,-0.2963038077639271,-0.35681933378490255,0.27412890397228074,0.2777174459950347,0.07616400570900844
1,27/02/2005,01.00.00,0.4749844849812655,-0.7299785600063972,0.383901209260404,-0.815923482939084,-0.30557673609929864,-0.7752448071139961,-0.16441330882069813,-0.632024331482393,0.5915387831702962,-0.7141815663434226,-1.0735282313698407,0.06450101918597245,-0.3076302117111087,-0.3106138140754182,0.27052828972501897,0.24649906459923246,0.09090983974896713
2,27/02/2005,02.00.00,0.3075989129361214,-0.6787283193591036,0.2341106758704682,-0.7827027508161364,-0.3106572483067455,-0.7558057467331375,-0.3513539803120979,-0.6058335162665615,0.6239729138307377,-0.7149436786900981,-1.2609118270689819,-0.10579376882124919,-0.31189822233159414,-0.23865365262263305,0.2500332421654587,0.19010696332045018,0.11183045251161403
3,27/02/2005,03.00.00,0.1315445013293387,-0.6542932888824143,0.08908015078597525,-0.7768792318044226,-0.32557013703938004,-0.7704451848145146,-0.5420305091816916,-0.566638074936351,0.6984626654878328,-0.7242651843436265,-1.4703367378649834,-0.2873150132257297,-0.3127499789086773,-0.18067423859141563,0.2351580868000206,0.133008325380565,0.13656943859036874
4,27/02/2005,04.00.00,0.05810575333520557,-0.6640530983737545,0.03479512856477107,-0.7878193015273327,-0.33660297049642135,-0.796185306429647,-0.6206018683213292,-0.5428375221930662,0.7755780634920477,-0.7235359005840158,-1.5572573072009952,-0.37958437024486447,-0.31756852224499843,-0.16947761258916771,0.24596088932962837,0.1107915063320006,0.16507558409782086
5,27/02/2005,05.00.00,0.1329801511630176,-0.6831846878955031,0.10983040744721723,-0.7880892923677336,-0.3270233019603653,-0.7902697116509899,-0.5233629030878861,-0.5369929617898692,0.7889554562365215,-0.6911218166677213,-1.4285200560527733,-0.3137828054575259,-0.3299139626695402,-0.20589865903802423,0.28069387545625946,0.13922759372686289,0.19429635077418222
6,27/02/2005,06.00.00,0.297846222971875,-0.680692853907388,0.27365146652348116,-0.7618742256472495,-0.2937865255751326,-0.7332249967224367,-0.293780768974493,-0.5252872018029442,0.705252745361464,-0.6266627056834144,-1.127959007272908,-0.11045279911035077,-0.34433975834999325,-0.2617733657252706,0.31336342902957914,0.19832692380458083,0.21641955954501002
7,27/02/2005,07.00.00,0.4399713112271103,-0.6496907916256889,0.4377950338448112,-0.7199670996923169,-0.2518415313090753,-0.65061876179067,-0.051000822213227354,-0.48225543693509054,0.5587693624557575,-0.5566865135392267,-0.8103447675522961,0.13162916097584612,-0.3494089096541133,-0.3062542311200924,0.31208188425223554,0.2472097582607047,0.22443806743539677
8,27/02/2005,08.00.00,0.4840718763724472,-0.613040480812173,0.5304712862221748,-0.6885311724777355,-0.2227446668817657,-0.5923946224556146,0.09793340304347786,-0.40850904560394485,0.4281006773055986,-0.5150426932818178,-0.6278379095725439,0.3037822556698039,-0.3371276219888937,-0.3301600254867438,0.2632757215528275,0.2570016383810706,0.21983453253009236
9,27/02/2005,09.00.00,0.44408333997549904,-0.6002764566842357,0.5388724153092521,-0.684529935114495,-0.2187408089028332,-0.5896488307985159,0.12519962908918797,-0.33570784981145624,0.3756393596972364,-0.5160307738963259,-0.6286425403661946,0.35422694734355276,-0.31057880383451864,-0.34713946162005654,0.18127109716629336,0.2322055438856107,0.21337973548154546
10,27/02/2005,10.00.00,0.3933955848739629,-0.6195620389478032,0.49899716631635893,-0.7022553617602436,-0.23646827188532316,-0.6298648536232712,0.07743880577830849,-0.30342571379084815,0.40390962933836955,-0.5450681888690183,-0.7489729873698564,0.3027288085565283,-0.28267294963794104,-0.37404371159497035,0.09585584118830584,0.20220187291456818,0.2161936787883088
11,27/02/2005,11.00.00,0.38923843214108206,-0.652029632797556,0.4526393244389706,-0.7224490707903917,-0.2639856125142671,-0.6727111242294158,0.017244855953543636,-0.32792982673657145,0.4647795584726475,-0.5746261058877662,-0.8893382735704098,0.20374044203794967,-0.26682783119310827,-0.41225097497899565,0.029836025797691415,0.19266498193552778,0.2285578032433621
12,27/02/2005,12.00.00,0.4256413972643816,-0.6725185871674638,0.4166838937279808,-0.7323106681073891,-0.29202591912582454,-0.6888890800989205,-0.026432692463739943,-0.38976147512005754,0.5073712224675463,-0.589029838988119,-0.9936137061596892,0.10183947824852307,-0.2676532833944837,-0.4482895038666937,-0.01370620208521927,0.20453437744282715,0.2377178948809738
13,27/02/2005,13.00.00,0.4549032418998692,-0.6744220823667204,0.3892305544289996,-0.7349485394510634,-0.3179509833408286,-0.6834716042912513,-0.05655431673061126,-0.449563961363046,0.5170650688651139,-0.5942897127077003,-1.0612572861168916,0.019049353898785537,-0.2794998486780769,-0.47076209042271855,-0.045323711922687894,0.21902710049885904,0.22835915696200426
14,27/02/2005,14.00.00,0.4473552739605445,-0.6733886898105326,0.375178982241916,-0.7397161974314987,-0.34037630426444965,-0.6827610019819282,-0.07154679909779349,-0.47682536941652987,0.5121842602651043,-0.605226919030117,-1.100095041441656,-0.027807331404086977,-0.2933398585754228,-0.48375080975414264,-0.0730842639331295,0.22092136341848975,0.197208925346948
15,27/02/2005,15.00.00,0.42409729913173105,-0.6873058509909435,0.39509256322578834,-0.7461418409971918,-0.3532016350180136,-0.7012328036470792,-0.045758017643358906,-0.4670530030020146,0.5098728770474709,-0.6251873968021231,-1.087224789669929,-0.014097855534779713,-0.3050050575500375,-0.5016074441304393,-0.09320403532566815,0.21520466624941142,0.15824822104739267
16,27/02/2005,16.00.00,0.4302520605903204,-0.7147135588556381,0.4635832322660435,-0.7411827948184612,-0.34822504011990607,-0.7244777291944977,0.04546977489531076,-0.43636851565280504,0.5021266564566551,-0.6404197013455798,-0.9886113936715843,0.07680188004038166,-0.3172736114784922,-0.5307840957449637,-0.09547685845534593,0.22055275048383063,0.1327594021307131
17,27/02/2005,17.00.00,0.48069907437800274,-0.7351889397062213,0.5614249645098615,-0.7147715612394533,-0.32520007365248405,-0.7261079398247688,0.1832996346379882,-0.40389256945942964,0.4682449489432906,-0.6352311063057842,-0.8157510366722844,0.22359096807550377,-0.3347997830321333,-0.55906495250192,-0.07587867717657582,0.24761418563624824,0.1321623943631569
18,27/02/2005,18.00.00,0.5389815091245848,-0.7319424894522617,0.6371259386682497,-0.677487534604993,-0.29828387644705284,-0.7002757424647634,0.29821306946586745,-0.3806295306810922,0.4082570594180615,-0.6118647342904587,-0.6496174748091356,0.36158416886484196,-0.3577873856893021,-0.5654748332715872,-0.04213597442269202,0.2855364564805288,0.1484858225019951
19,27/02/2005,19.00.00,0.5539507231972235,-0.7128832755728967,0.6447445317609102,-0.6593249587302724,-0.2894765293566106,-0.6742611210365607,0.317579322668588,-0.3724570318694071,0.35754572053757655,-0.5934100309245349,-0.5914397951330924,0.42011065572636447,-0.3809333894222374,-0.5421932318262921,-0.0065632338495378376,0.31114014710262683,0.16075655624472146
20,27/02/2005,20.00.00,0.5159616416489006,-0.7067203889050273,0.5845859532889793,-0.6863124666343319,-0.3121839367212335,-0.6854605269053078,0.2282579061965539,-0.38776970821945594,0.3617803094304503,-0.6049114782465098,-0.6781376936307476,0.3757202153088094,-0.39830029007700696,-0.5057539558171923,0.02548002521055508,0.3113098985618816,0.15157686497948503
21,27/02/2005,21.00.00,0.4711362092833808,-0.7356699301752104,0.5049955177091827,-0.7550518588501804,-0.35908762254261234,-0.7441066260753191,0.09188927831779017,-0.43591203674352264,0.4340533794984765,-0.6502461471658139,-0.8453010906132061,0.27123276244204697,-0.4086414002733275,-0.4839921560210493,0.05853120683637368,0.2952146050236567,0.11963035232394983
22,27/02/2005,22.00.00,0.474153722148255,-0.7910395206338937,0.4586705472760754,-0.8301938386666984,-0.4063292856618734,-0.8193492781493745,-0.008205358357113918,-0.5150106930251882,0.5379874113237866,-0.707512963587124,-0.9813684108411087,0.17781466490308367,-0.4155282182297279,-0.4894065133441345,0.09797782861534439,0.2833612841001261,0.07836880914633423
23,27/02/2005,23.00.00,0.5253718786660082,-0.8369605664200306,0.45260885697483927,-0.8699982920777939,-0.4316397644394448,-0.8645427522635081,-0.042354694244167546,-0.6029461225242022,0.6173164340204292,-0.7479901855698539,-1.0278275594883401,0.13133533489890523,-0.42236863068559677,-0.5047008164896424,0.13920956408264007,0.28468244753754923,0.04386926593702675
24,28/02/2005,00.00.00,0.5591181616659919,-0.8408123344869645,0.44077091822981423,-0.858705700071106,-0.43088001387353464,-0.8587527244903325,-0.05990400492560308,-0.6654936346537409,0.6459940509467811,-0.7605733375779237,-1.0301824461632312,0.10226038707434568,-0.4279328606738965,-0.49627088221024895,0.16806345427702035,0.2859387335752697,0.023637390906926847
25,28/02/2005,01.00.00,0.5022496869565318,-0.8023935660741353,0.37008094042832773,-0.8170870306298897,-0.4184256965786803,-0.8244367834807841,-0.13673567687936836,-0.6791673685941122,0.6501107741714496,-0.7581438717663803,-1.0867918552679785,0.02995172319661299,-0.4274848530450277,-0.44497694636246016,0.17415904271974714,0.2657680564096206,0.015298100672642048
26,28/02/2005,02.00.00,0.35089127287756156,-0.7540570201277995,0.23883266530184982,-0.7820139663056659,-0.4115001177944619,-0.8036942145790416,-0.29162979757822044,-0.6494368060659608,0.6783881643731837,-0.7602147276177882,-1.2403985051318198,-0.10824373757247185,-0.4185371408556719,-0.3661324567296794,0.1642695700303579,0.22026584243388297,0.013530980615047428
27,28/02/2005,03.00.00,0.18994329141523608,-0.7313114125335183,0.11189373634096283,-0.7740918585280328,-0.41324566233790483,-0.8158953204689473,-0.45102947992409587,-0.606083273032084,0.7482645532638632,-0.7698016422727025,-1.416013112859511,-0.2580283355951975,-0.40495868125032997,-0.2996225433348774,0.16073124107053968,0.17378875970747254,0.016233403975260838
28,28/02/2005,04.00.00,0.13052350529440854,-0.7415077485529096,0.07506580611942448,-0.7826450879271849,-0.41013975958549753,-0.8380642327421104,-0.4993829190260449,-0.5775174159750487,0.8202600311234447,-0.7682683110584227,-1.4693916633101871,-0.3191997883763581,-0.39437341961884215,-0.2784179460006102,0.18341755558757206,0.16181653071246394,0.023602098842511084
29,28/02/2005,05.00.00,0.21817405746593943,-0.7598092804240517,0.16674726906842235,-0.7802031119721468,-0.3856495607171976,-0.8274608955044571,-0.37326315209362293,-0.5663195081548924,0.8279666320240667,-0.7339680858190137,-1.307681152563716,-0.2232079338903169,-0.39059329066564574,-0.303538904567871,0.23039214984087472,0.20001463578153028,0.032823731493563386
30,28/02/2005,06.00.00,0.39443129785127207,-0.7552221930718914,0.34623659335552254,-0.7509198629618105,-0.3369372598300246,-0.76464248784059,-0.11640148598593247,-0.5486993861017865,0.7380044369394911,-0.6665417601019185,-0.9750116586739184,0.009145885168727663,-0.38843120040759826,-0.3470209204887139,0.2754712504249734,0.26829194664123995,0.036313785874343
31,28/02/2005,07.00.00,0.5464351661127143,-0.7208761052739638,0.5249147339265047,-0.705563620793796,-0.2791631401087182,-0.6752210975671062,0.15180946346705668,-0.49922685314943027,0.5846423449776971,-0.5925319638935888,-0.6264422114565218,0.2788390345730125,-0.3767138367210022,-0.3782275024354217,0.28657792482593814,0.3256724803599014,0.027278567119694667
32,28/02/2005,08.00.00,0.598790945220819,-0.6796642342327389,0.6308490459244785,-0.6702797909241331,-0.23409688547193716,-0.6091982275287087,0.3240984537070486,-0.41855510103530996,0.4464531863402469,-0.545816335972437,-0.41441104119183275,0.4769598251132784,-0.3477119038379606,-0.38819713611257367,0.2499527072609601,0.3431917787156308,0.007397456349445386
33,28/02/2005,09.00.00,0.5653403725094839,-0.6611667682224407,0.6511034126883646,-0.6620212768380564,-0.21419599317661653,-0.5977407463789394,0.37243748597891,-0.33839250227928397,0.38581568886438655,-0.5407357651936056,-0.3873861295920324,0.5515155101857537,-0.3047701909881676,-0.3908040696860814,0.17974149913650161,0.3252700285065232,-0.012381084290145838
34,28/02/2005,10.00.00,0.5193982107374043,-0.6736065254308853,0.6215641765216974,-0.6750770268059273,-0.2163080491182378,-0.6284146397620128,0.3432859612264849,-0.2983676550558129,0.40524922364701144,-0.5627617300238169,-0.4818290296988453,0.5220782966862373,-0.2610550682511608,-0.40312788795780496,0.10555984913619762,0.30121292826029733,-0.020780506939443777
35,28/02/2005,11.00.00,0.5181385861254086,-0.6981885200846653,0.5839298309901545,-0.6901933853627784,-0.22869495600014017,-0.6609817884320668,0.29908233346245683,-0.31480803275992425,0.45662648672624795,-0.5844314838376918,-0.5984766599700921,0.44292921969857724,-0.23023087612478524,-0.4267751181052307,0.05005168600745856,0.2966290299109806,-0.01738580880294474
36,28/02/2005,12.00.00,0.5555553854776003,-0.7098369303803703,0.5550082054934969,-0.6945825173705071,-0.24228473623884597,-0.6662468976878874,0.26864835096799394,-0.36832005163345555,0.48908390594779433,-0.5901476753055276,-0.6814104284586693,0.35849784518182853,-0.2171415363925647,-0.44849930983640385,0.016149171312637448,0.3124016381112314,-0.014842202609602395
37,28/02/2005,13.00.00,0.5839322210702204,-0.7020409515008142,0.532840716567103,-0.6913731699487451,-0.25462333727737146,-0.6493947095955481,0.2489247378825245,-0.419616222001403,0.48802613890932756,-0.5860082832909176,-0.7302704234520724,0.29068448492909693,-0.21635618868653558,-0.45712263285289595,-0.006836541187921534,0.3297018000983993,-0.028381333033514033
38,28/02/2005,14.00.00,0.5736059111085997,-0.6905551893298254,0.5222882603530548,-0.6899468778968353,-0.26449741885164213,-0.6368466446186345,0.24141585433953322,-0.4382570932483023,0.4718104144047044,-0.5869314186008999,-0.7530387993371054,0.25621470506725236,-0.2190474690896096,-0.45693782085626805,-0.027093521872580746,0.33327243846005683,-0.06121954506099578
39,28/02/2005,15.00.00,0.5457023766529101,-0.6933818564903607,0.5438952736298563,-0.6898672716672296,-0.2659628591319606,-0.6432031806286422,0.271735523063689,-0.4198248285240588,0.45762460207524736,-0.5963680353706997,-0.7269418860823553,0.27965114048204803,-0.22122657121805095,-0.46249592326763866,-0.04094114629724619,0.32807684876726606,-0.0993469985838732
40,28/02/2005,16.00.00,0.5453907924644591,-0.7091830697981895,0.6122746877787406,-0.6781341581976759,-0.2509569731403572,-0.6541843211946549,0.36453401898057697,-0.38051743913775987,0.43751768718070255,-0.6006785343134096,-0.6180441055382935,0.37757529758918396,-0.22582796437549538,-0.48043440537349186,-0.0382581185953771,0.33277791516354027,-0.12148035897434215
41,28/02/2005,17.00.00,0.5876169025697688,-0.7176639643391282,0.7082213042305487,-0.6447291114719867,-0.21935407564477039,-0.643534298400668,0.5009976697787931,-0.33953252671739304,0.39085133350176493,-0.5842875155816063,-0.43791123607996596,0.5286714097825906,-0.2376370797474033,-0.4987065927228577,-0.015085958163642534,0.358022836553446,-0.11622658012790917
42,28/02/2005,18.00.00,0.6360091555038023,-0.7021673961485905,0.7802836123732709,-0.6002866282326575,-0.18541220615812623,-0.6055386941618032,0.6116615664468167,-0.3079510528060165,0.31772570577884385,-0.5495594945217152,-0.2675559953393675,0.668267035692877,-0.2569621012709748,-0.4964881151425708,0.020803285895149758,0.3929692296541661,-0.09161145799816628
43,28/02/2005,19.00.00,0.639522281113566,-0.6707375637150074,0.7825792142246866,-0.5748614364966507,-0.171211369377163,-0.5676103738284415,0.6239780711602255,-0.2917259771154279,0.25360230420955493,-0.519707912461651,-0.2082154764527332,0.7257314190689617,-0.2785762549501529,-0.46608909557845696,0.057070021560526075,0.4144592049366957,-0.06868944451791321
44,28/02/2005,20.00.00,0.58863150275446,-0.6522198518769554,0.7154906713530298,-0.5945473041170254,-0.19021557813567727,-0.5672766841469263,0.5249182415839504,-0.2993250837492167,0.24423642939574033,-0.5199023565827882,-0.2967864556656854,0.6776809988485315,-0.29658922497207313,-0.42415220298710377,0.08835025790393383,0.40941009357918123,-0.0649655356644534
45,28/02/2005,21.00.00,0.5295946350585831,-0.668966202753155,0.6274577830098662,-0.656015012919774,-0.23514209086680152,-0.6148976327735765,0.3762610805474481,-0.3401629353994473,0.30281285783153894,-0.5541446070593495,-0.4688053877094796,0.5670279386515991,-0.3097718661561898,-0.39859838387500174,0.11919747236602518,0.38703429304111486,-0.08188807444013212
46,28/02/2005,22.00.00,0.5172408857065072,-0.7124180228370907,0.5712883001095155,-0.7239872269798642,-0.2821456957688051,-0.679745343665048,0.26149160500170826,-0.41243238137607174,0.39305164180452384,-0.6006564046620639,-0.6126274111964042,0.4650551840661725,-0.32168337609638403,-0.4019880556412503,0.15503544042303266,0.3678926711254035,-0.10616034554393239
47,28/02/2005,23.00.00,0.5520902206229674,-0.7468368754860623,0.5541050416882445,-0.7567978538983982,-0.3089476944205475,-0.7152898123254787,0.21046820004136468,-0.4940753271042065,0.4587886961772481,-0.6308354547023903,-0.6696283858699074,0.407771520868896,-0.33568968527211224,-0.4170620064071753,0.19130965456690394,0.3609813601455455,-0.12188169989496099
48,01/03/2005,00.00.00,0.5686429238801758,-0.7397270357699538,0.5300065275510356,-0.7387624985071077,-0.3113771863537013,-0.7007045233507512,0.17405366342355477,-0.5509230833760672,0.47408271820806624,-0.6336919315188089,-0.6851728006696745,0.365802953419832,-0.3504899731164497,-0.41022796097125763,0.21393165831391514,0.353133709261761,-0.12174208491841959
49,01/03/2005,01.00.00,0.4939375095757753,-0.691005652140295,0.4460663851072844,-0.6907273687495361,-0.30375625092228054,-0.6585456739846257,0.07659218958998958,-0.5595396536827864,0.4651313580277553,-0.6222157710523784,-0.7574543337703353,0.27869078571144634,-0.361248995349322,-0.3623329447007174,0.21261306173274255,0.32306865834828064,-0.10832913905525055
50,01/03/2005,02.00.00,0.32428676309713583,-0.6331359248990203,0.30073734608671354,-0.6496385023898004,-0.3032337479833704,-0.6310007896397082,-0.10045390711602353,-0.5254376433854326,0.4807641505161247,-0.6160209396468473,-0.9290268862758015,0.1239781488952561,-0.3653532533532135,-0.2886523757386412,0.1942353899627594,0.26697011209449917,-0.08719028144193967
51,01/03/2005,03.00.00,0.14478349635838034,-0.6017277837758479,0.15905371738455015,-0.6361737187601794,-0.31285788317631213,-0.6375170037302343,-0.283272367277789,-0.4784342402902216,0.5385270003605941,-0.6182155472437318,-1.1246908823906758,-0.043826650303032344,-0.3665204773095098,-0.2290091564933704,0.18125779575548784,0.2092897307957152,-0.06066693806248448
52,01/03/2005,04.00.00,0.06674024618454516,-0.6042230771277615,0.10698951213086416,-0.6397269879464463,-0.3189935484700467,-0.6551829688909181,-0.35604602270652125,-0.44696825884033997,0.5990459180354106,-0.6102459191137113,-1.199973007294504,-0.12429876466517681,-0.3722001606242653,-0.21628853532776487,0.1936896477800895,0.1856077387562339,-0.028810187558229894
53,01/03/2005,05.00.00,0.13589410750775238,-0.6158645183504894,0.18311915265953188,-0.6328935117626314,-0.3049786036647827,-0.6413100916351552,-0.25507562890415914,-0.43364010876821646,0.5960159547297093,-0.5705373270015425,-1.0617746230731278,-0.048656179307713876,-0.38600882890523136,-0.2514032310296259,0.22974146535175022,0.2116945693018766,0.005312707818782389
54,01/03/2005,06.00.00,0.2939744115749031,-0.6057255043736867,0.3469187436188077,-0.5998881923668362,-0.26783100909589175,-0.5764933663113709,-0.023816421324958204,-0.41467149278160853,0.49615607192284505,-0.49879094050449824,-0.7539666833448159,0.1625381943475146,-0.4025455583918793,-0.30626071212168693,0.26338532600111797,0.26756739801940665,0.033860130813241004
55,01/03/2005,07.00.00,0.4283099932041097,-0.5669899037084021,0.5099464223578134,-0.5515346252744827,-0.2225538666931226,-0.48636862778519974,0.21861569821873938,-0.36463567301731226,0.3338287112225327,-0.4215975313699488,-0.43133858374657474,0.4105039747368606,-0.41040755893905645,-0.3500777234552455,0.2627069574448731,0.31236076717253575,0.049781089469277534
56,01/03/2005,08.00.00,0.46368888646439066,-0.5225916701817794,0.6004442304577235,-0.5140270590701687,-0.19074888364941794,-0.42094680911872684,0.36522371562231876,-0.28418085916992897,0.18769375324915977,-0.37287010715194674,-0.24605149279923982,0.5865727751877118,-0.4016233814517061,-0.3737292766501127,0.21411412084061646,0.3172218191769082,0.054500440230061814
57,01/03/2005,09.00.00,0.4141274596226412,-0.5021378331458095,0.6056462453924205,-0.5043600221448832,-0.1846970658802437,-0.41138981888890425,0.3882483033595082,-0.20500207136354556,0.12020939192193941,-0.366971771790371,-0.24629204906610747,0.6389934489527658,-0.3792861219041483,-0.3909116692285009,0.13192221416246566,0.28668226779442363,0.05871781692332994
58,01/03/2005,10.00.00,0.35310511463838845,-0.5138639462950935,0.5616025842117545,-0.5168562064801505,-0.20106337331448323,-0.44524439471675903,0.33440899735557683,-0.1667063586852921,0.13396586361797846,-0.3893828468661501,-0.3682393540174647,0.5875753989815279,-0.35630417495639266,-0.4185144762658054,0.045916230745116894,0.2501581254769234,0.07346947974406612
59,01/03/2005,11.00.00,0.3379488798128213,-0.5389736180420066,0.5101672610083847,-0.5322872481167108,-0.22792339617819096,-0.48223915794429967,0.26639299917370013,-0.1855917234259348,0.18089720123832695,-0.4126360033727274,-0.5123499279514694,0.4868298349026253,-0.3460809620058287,-0.45794472575857775,-0.02109282353072009,0.23336592832206782,0.09894141484658023
60,01/03/2005,12.00.00,0.3627922076556883,-0.5523756176388663,0.46829365060268724,-0.5378816802467156,-0.25601764236116636,-0.49313199007956804,0.21325672722390687,-0.24222756098328685,0.2101908143408668,-0.4211159936121443,-0.6224299473874729,0.3814069720947215,-0.35319991861131333,-0.49574966703869705,-0.0660103568832921,0.23729355382940368,0.12227324755784005
61,01/03/2005,13.00.00,0.3800435047852685,-0.5475300378316424,0.4341571530987048,-0.5367753310649191,-0.28270583137922844,-0.48304785661465366,0.17215900078159746,-0.2972822763535898,0.20729127209842863,-0.4208898608587366,-0.6978524635530831,0.2934158862079522,-0.37197350257902007,-0.5205411401410784,-0.09936964568664917,0.24321217641931875,0.1280344320464091
62,01/03/2005,14.00.00,0.3601483577770841,-0.5401491650277608,0.41273965225885595,-0.538347277532192,-0.30659214228253656,-0.47833621691289063,0.14480342377007832,-0.3202657815308782,0.19058405105900814,-0.4268321753074716,-0.7463436950609065,0.23977683165196267,-0.3933247959635577,-0.536400339297561,-0.12921216936287278,0.23595942450835314,0.1128281827796303
63,01/03/2005,15.00.00,0.32432436964472044,-0.5481803118675064,0.4246923115300223,-0.5421490182148194,-0.32155612071648965,-0.4935143182571531,0.1569821820413787,-0.3067037029251549,0.17727314048783427,-0.4423383332866516,-0.7448878892939852,0.2452310612651314,-0.4130257990159813,-0.5576683951303928,-0.15172168751846693,0.22058697175556038,0.0905043274654652
64,01/03/2005,16.00.00,0.3178144559046596,-0.5702189026481777,0.4847194465274173,-0.535158538223733,-0.31936720760023446,-0.5142087143217076,0.23350127352179645,-0.27273232083876264,0.1594111888201921,-0.4537018942497213,-0.6593238036188183,0.32652085208635295,-0.43378524936842316,-0.5907772795415667,-0.1566541108493269,0.21583892537524776,0.08220832860436646
65,01/03/2005,17.00.00,0.3556195198411545,-0.5858925161768106,0.5736910144420648,-0.5073260042547758,-0.29974249192083996,-0.5140611399039171,0.3556786383819648,-0.23748308028207663,0.11635087911000191,-0.44527020375159654,-0.501010318534463,0.46247182099096695,-0.4601792377927737,-0.6234819927265174,-0.13994266271474012,0.23243581293520252,0.09921893722383049
66,01/03/2005,18.00.00,0.4014041682362856,-0.5784566458024641,0.6402137509892549,-0.4692451448469137,-0.2767954771789168,-0.4872469111012513,0.45415570400073335,-0.21196718317268945,0.048170708148996266,-0.4193211044813887,-0.35077412560169663,0.588532236954139,-0.4923257197814545,-0.6347696522051973,-0.10926707392048454,0.25960004161309436,0.13342078433502783
67,01/03/2005,19.00.00,0.4041400929113138,-0.5558594929068038,0.6384461260104952,-0.45092090165156484,-0.2724761886713821,-0.46106222851038237,0.4564650437371567,-0.20206509287995053,-0.009702076733324572,-0.3989730547198387,-0.30968900211399525,0.6341703618376748,-0.5248292818795243,-0.6167741947531663,-0.07689186244552412,0.27422943240518716,0.16369540737037663
68,01/03/2005,20.00.00,0.35430031283809416,-0.5468430821983552,0.5687939376998357,-0.4783886955850433,-0.3001348847863795,-0.47291281825237597,0.34963127667076166,-0.21617025956476138,-0.011558765131359727,-0.4092935540878604,-0.4145126697060284,0.5760792184046291,-0.5516547594915375,-0.5859767779730415,-0.048124225446617104,0.2632875127284461,0.17249988884201797
69,01/03/2005,21.00.00,0.29812152488786686,-0.5736499869332723,0.47970255579643084,-0.5482529686055394,-0.3523927430616823,-0.5330336098651625,0.19546012079138578,-0.26362199508115425,0.055726882821348356,-0.454176479439809,-0.6006680369704266,0.4572246609003138,-0.5714538474501738,-0.5701536656339243,-0.018372963996000677,0.23602303887878387,0.15837426130646956
70,01/03/2005,22.00.00,0.29039337709242175,-0.627607655749326,0.423967817356431,-0.6251627234484897,-0.40532735475799414,-0.6105697265543101,0.07743659340348472,-0.34253791178065723,0.15580496671153865,-0.5117312077038624,-0.7564231352390257,0.3489202595365601,-0.5876938423997371,-0.5817393520765125,0.017803809070179165,0.21302319083019075,0.13462980071742459
71,01/03/2005,23.00.00,0.33157851649773046,-0.6728605720828099,0.40868353786246664,-0.6673716526277623,-0.43660266535419573,-0.658863792517418,0.025392820118217238,-0.43078562120205033,0.2324306969483426,-0.5532400243602373,-0.8230937604861681,0.28718247120538315,-0.6036772550634566,-0.6033691453114717,0.055849812254014065,0.20330027217920044,0.11720747279744437
72,02/03/2005,00.00.00,0.356103033042681,-0.6767943043565136,0.3879027449045957,-0.6591094473341678,-0.44201095042407657,-0.6569631003478257,-0.009860150489861691,-0.49412399930502776,0.2595721056993475,-0.5675960639907274,-0.8460116554283281,0.24262241134145127,-0.6180691846324634,-0.6013671466278896,0.08165491893494253,0.19369368309713159,0.11348266325191124
73,02/03/2005,01.00.00,0.29091544447195616,-0.6392071723198299,0.3086378834072465,-0.621131636054194,-0.4358584146162021,-0.6273003628582081,-0.10405428979590292,-0.5090473651141474,0.2633271265717907,-0.567672052316596,-0.9233650122031976,0.15474460159362544,-0.6260301294270003,-0.5565197401479677,0.0848894281799078,0.1629184280835611,0.12095704391973039
74,02/03/2005,02.00.00,0.13222398517359746,-0.5924449203722673,0.16926579664159358,-0.5902898106020832,-0.4352991301722475,-0.6119438161933103,-0.2758265058494825,-0.48100224537154745,0.29241754358781535,-0.5729660195828672,-1.0977291206029771,0.0010344259607352746,-0.6249722582223871,-0.48406550804385456,0.07237443119922908,0.10714473430232208,0.13419515816081823
75,02/03/2005,03.00.00,-0.03499623305396843,-0.5720028612195893,0.034731353539415255,-0.5871646319452751,-0.4434074593027571,-0.6302269280471523,-0.4514851905950684,-0.4397441640580846,0.36427458972045434,-0.5864728352841568,-1.2939519620361724,-0.16407734460139328,-0.6186686124101977,-0.4238148316089051,0.06649029798764364,0.05080119272351033,0.1509886019388968
76,02/03/2005,04.00.00,-0.0995619775465047,-0.5852124838510946,-0.009093107410039658,-0.6010512956581961,-0.44659497324212916,-0.6591316603127809,-0.5153533836728079,-0.4136554388791103,0.43940388001763214,-0.5895296605328664,-1.3676329317102263,-0.24026178088890088,-0.6146529798361169,-0.4086649423606663,0.08715028608850041,0.029436017521443786,0.17143853843302354
77,02/03/2005,05.00.00,-0.015875397019624593,-0.607211753533349,0.07625437627601678,-0.6044457381875017,-0.4282660394153499,-0.655870961442536,-0.40388951310343535,-0.40528583613907043,0.4513756135579885,-0.5604580016290651,-1.2257699444339436,-0.15884955192145578,-0.6166541317186927,-0.43956491312540924,0.13245272913215292,0.058779236076616864,0.19264710474025143
78,02/03/2005,06.00.00,0.15764541929063497,-0.6069762017005991,0.2501282349247479,-0.5814642462071132,-0.3855239962316234,-0.6009507488328192,-0.1607216687017997,-0.39081287999904524,0.36678076529135434,-0.49886190912208944,-0.9123527632982111,0.059468784718286816,-0.6194099504094063,-0.4884824826881895,0.17624291553979327,0.11879985346838842,0.2069569821047688
79,02/03/2005,07.00.00,0.3081755471534493,-0.577599887312136,0.4239573863359859,-0.5428335919901001,-0.3334749853207593,-0.5199281865146161,0.09484865499516715,-0.34477264820574627,0.21985201802859364,-0.43124283949050635,-0.5823100103398349,0.31577220503602976,-0.6116812805063818,-0.5247178121044452,0.18646685010314343,0.16857718569946004,0.20751395089326835
80,02/03/2005,08.00.00,0.3603448136014553,-0.5419360711946,0.5258488531149668,-0.514654123175998,-0.2938399713728537,-0.4627468318429719,0.25562868457901977,-0.26778360057991646,0.08911910748682789,-0.3914333414780491,-0.38796042871998104,0.501240785163934,-0.5856830849830124,-0.5392513989467582,0.14938148387761482,0.17919686995143758,0.19594955251244897
81,02/03/2005,09.00.00,0.32800885101321703,-0.5295211410352307,0.5428976939629938,-0.5138304934303598,-0.2790337756942925,-0.4605132549882374,0.29365583307131005,-0.19151878783657772,0.036911090522533496,-0.3937258516058245,-0.3776643099568566,0.5639631551240409,-0.5447153042971219,-0.5459057280101038,0.07914231747230804,0.1551236702207175,0.18317735401889765
82,02/03/2005,10.00.00,0.28448572025225244,-0.548530857674643,0.5110128373958658,-0.5346006104641328,-0.28586787725990814,-0.5007314788514352,0.25544160304749486,-0.15557131734428048,0.06569145974625029,-0.423540621090722,-0.4877880458133616,0.5235820949180796,-0.50191100105061,-0.561715619691824,0.005367487018942914,0.12570208582370482,0.18045206340752246
83,02/03/2005,11.00.00,0.2869424076186529,-0.5801205359450209,0.4719067761108999,-0.5576574279010663,-0.30257506464090655,-0.5431004573326457,0.20346313972727842,-0.17623342278852785,0.1272712582373554,-0.45336151412249803,-0.6189865040758593,0.43443812521133585,-0.47091324797889056,-0.5882505082361982,-0.04930359114819919,0.11657349284924229,0.18817986077549226
84,02/03/2005,12.00.00,0.32935548413925486,-0.5991626464496813,0.44239285080303703,-0.5701578443904965,-0.32006155536683867,-0.5583617076631624,0.16656752229133792,-0.23407694590210898,0.1707199795472182,-0.4675362590158093,-0.7152725803090701,0.34100905669893367,-0.456557080117719,-0.6122350834275423,-0.08195034837859308,0.128647902014801,0.19371954332632263
85,02/03/2005,13.00.00,0.36398143118750614,-0.5990933132822928,0.42050969481310485,-0.575173970323985,-0.3358590065240889,-0.5516372196234086,0.14170764216077048,-0.28978089068991447,0.1813706142506983,-0.4721070236725453,-0.77623165994991,0.26523218077402944,-0.4534153107998133,-0.6224713308320351,-0.10328017746786594,0.14311686599589257,0.18185598183052343
86,02/03/2005,14.00.00,0.36112057451713,-0.5956133549344996,0.4111074099576144,-0.5820298623874066,-0.34874739376331765,-0.5492867796807936,0.13038720099661721,-0.31287375527577554,0.17750459007520622,-0.48193585959739965,-0.8098051191730771,0.22385887972103388,-0.4526768251860781,-0.6232407936576372,-0.12150641610207912,0.14473758809632595,0.14940138812503403
87,02/03/2005,15.00.00,0.34185352078449993,-0.6066711217144036,0.4347119956275316,-0.5902313792991883,-0.3527834948509938,-0.5658510097195271,0.1582070090763084,-0.29890747258472505,0.17623048443694309,-0.5004180492115118,-0.79319239474911,0.2414666640525059,-0.45038149125810417,-0.6290925128783583,-0.1329800918777534,0.13848145308152637,0.11040560660714875
88,02/03/2005,16.00.00,0.3512959263722346,-0.6308754206066287,0.5059107493896015,-0.5867208230121178,-0.33991297188963754,-0.5869924642441432,0.2497925720079836,-0.26405198528679746,0.16951517979744823,-0.5138593307551437,-0.6924447094925901,0.3346413134328088,-0.44950456446332515,-0.6466711835641482,-0.12761751086528372,0.14301333153547785,0.0862027086667816
89,02/03/2005,17.00.00,0.4043325008000671,-0.6478792348710519,0.6054661605239624,-0.5614230959955852,-0.3100256867013961,-0.586400923726642,0.3862944036306011,-0.2274792988729839,0.13663613791092596,-0.5066312508140678,-0.5191280001044651,0.48206117813179916,-0.45488390072398377,-0.6639465222468645,-0.10150321632961751,0.1689764480606524,0.08824638370592638
90,02/03/2005,18.00.00,0.46452389050858073,-0.6409750028074408,0.6818883096067021,-0.524917423629451,-0.27740207078419227,-0.5583110610118318,0.49820155281116324,-0.20024752869835766,0.07760795704638901,-0.48104745036319196,-0.35426802406698843,0.6190383225868019,-0.4668911202238386,-0.6601195014650353,-0.06245708903291298,0.2055186767218129,0.10858046010138414
91,02/03/2005,19.00.00,0.48075105513846855,-0.6181587788085825,0.6892509298746263,-0.5072052228907508,-0.26415090843610883,-0.5300888681257927,0.5129110190853035,-0.1882897788013434,0.027805957077568555,-0.46027320949632616,-0.29912718952174017,0.6749175202386228,-0.48037312354304695,-0.6275341992726897,-0.0228706683005619,0.22946685639140946,0.12622807872978067
92,02/03/2005,20.00.00,0.44341031991400026,-0.608230573691755,0.6278879367200065,-0.53432945810321,-0.2837708267454742,-0.539219289776377,0.4173301628550051,-0.20005716885268554,0.03289940296893651,-0.4694331584034187,-0.3906391359028385,0.6262824776383003,-0.4895225981797177,-0.5828753872378384,0.011836752892952392,0.2277178002990896,0.12376871875597725
93,02/03/2005,21.00.00,0.3986763437804079,-0.6335001730052399,0.5461864246953312,-0.6029131428988501,-0.32901889238544313,-0.5960247757417428,0.27316700498558716,-0.2449509467870531,0.10598793877696247,-0.5124877668871789,-0.5643878930078065,0.5160051456821367,-0.49320169645831685,-0.5541136775392399,0.046160814634793296,0.20945846316838812,0.09984424916148191
94,02/03/2005,22.00.00,0.40129181099294053,-0.6853704371825415,0.49689812675508255,-0.677634710731143,-0.37609417652715454,-0.6697450422782752,0.16382939503242183,-0.32115411104491715,0.21070813802696098,-0.5676215003734832,-0.7087859531739397,0.4153216143429172,-0.4950680612704809,-0.5538660199269492,0.08546578663776334,0.19521970123777502,0.06784614407660935
95,02/03/2005,23.00.00,0.4516876948118507,-0.7280683282783813,0.48708729226983544,-0.7167878468273458,-0.40276595083263594,-0.7138230632053207,0.11909349882012825,-0.40660224871202366,0.2908148249798365,-0.6061991537587815,-0.7652752918140596,0.3601880515475888,-0.49859197250164194,-0.5649358023829594,0.12513688982838783,0.19396345193517636,0.043773139014972776
96,03/03/2005,00.00.00,0.4842737138401224,-0.7290677365506353,0.47079208734899425,-0.7046523753053228,-0.40491412715651626,-0.7074108506857387,0.08973599557326403,-0.46712390700217843,0.32028870512120056,-0.6172026235464302,-0.7792941895033546,0.321172992678887,-0.5025815379648468,-0.5537985256450992,0.15102555634659998,0.19248509617973397,0.035035467575149054
97,03/03/2005,01.00.00,0.4259971278327871,-0.6882598485370126,0.3950247653956759,-0.6620435559434085,-0.3969135492471193,-0.6730487679520518,1.2218386153145522e-05,-0.47928385624029646,0.3252532149605811,-0.6135984028902854,-0.8491166516473736,0.2377563502366819,-0.5023136310778585,-0.5013731952221633,0.152784381784693,0.16946226146156917,0.03914653563450809
98,03/03/2005,02.00.00,0.273079640220371,-0.6380864646530333,0.25817641371888733,-0.6258816543888972,-0.39596687050879453,-0.6529141593914194,-0.16870597723183514,-0.44859892843003824,0.354468094602037,-0.6149819855875859,-1.0173822626584679,0.08741687466744177,-0.49528862385366385,-0.42301037421177107,0.13723790821011667,0.12103463907836773,0.050659617421844556
99,03/03/2005,03.00.00,0.1105239821684389,-0.6141407475593667,0.1252201507766566,-0.6168241856648451,-0.40517617666863714,-0.6664495707528211,-0.34269726872131173,-0.40489388195764386,0.4254144680907724,-0.6244480460009003,-1.2089812831486002,-0.07540357206023862,-0.4853384053717664,-0.3586101817065803,0.1267912560606121,0.07160722661635169,0.06733244712195827
100,03/03/2005,04.00.00,0.049554398413138245,-0.6238524137602691,0.08206995124114258,-0.624250519638922,-0.4109593773198664,-0.6907445279550584,-0.40623482290667917,-0.37661828612175324,0.4986591228717494,-0.6234345087310503,-1.2795331766780218,-0.1503477465436479,-0.4800254420707128,-0.34113602244069235,0.14140360380586078,0.05671159136450016,0.08921043722675517
101,03/03/2005,05.00.00,0.1358222178536556,-0.6424566147497992,0.16724200174652548,-0.620747139598573,-0.39670554551138637,-0.683116568824167,-0.2957081017667531,-0.3663862884081562,0.5078439307110544,-0.5903632095094288,-1.1360338221636168,-0.06870152405654573,-0.48307658216160504,-0.3715785553575461,0.17923997349496762,0.09206796837886266,0.11331907183345039
102,03/03/2005,06.00.00,0.3109742116959019,-0.6390236243397412,0.3401565778949554,-0.5905262273021149,-0.3594811290014593,-0.6241718068247958,-0.0546584572048642,-0.3504360716847669,0.41964114055640217,-0.5249367095796902,-0.8224492473688735,0.14890483710047886,-0.4891971379853724,-0.4219218088641752,0.2142324365171549,0.1576422398782163,0.13190473237405462
103,03/03/2005,07.00.00,0.4622604762829431,-0.6067384321896899,0.5123189424240387,-0.544414709423237,-0.31433410350492247,-0.5395618502613165,0.19771556745754373,-0.3033598441092483,0.26837330456115577,-0.4537517985911262,-0.4936633353202135,0.40362492786667964,-0.4870850800327985,-0.46145655093794363,0.21443293965376342,0.2125169940907654,0.1379987596291366
104,03/03/2005,08.00.00,0.5143946741827886,-0.5685401031008145,0.6119217021609225,-0.5086162065880917,-0.2829065949298657,-0.4793176680674007,0.35433858989722067,-0.22582691819217138,0.13266752234609322,-0.4107318655946205,-0.30193006194792743,0.5867263667386893,-0.4688629205867245,-0.4811281464176349,0.1662223476065227,0.2277871769379563,0.13310185365807212
105,03/03/2005,09.00.00,0.4813236395891031,-0.5540444570679859,0.6261533574453672,-0.5001405849310302,-0.27751478997189605,-0.474625022394602,0.38737789081255325,-0.149555236013893,0.07495652691322441,-0.4102544396377961,-0.29552616372685436,0.646396687043342,-0.4377096764175911,-0.4946984818789513,0.08389662102048946,0.20793246105634766,0.12798228394691613
106,03/03/2005,10.00.00,0.4364624695356733,-0.5714991571862554,0.5910226515250229,-0.5133317005702966,-0.29485287853764586,-0.51305783084387,0.3434851914531624,-0.11417622582353054,0.0978125496597319,-0.43781793841354916,-0.4107171766945355,0.6023872107243262,-0.4066104797899641,-0.5191169169788924,-0.0027707436843516717,0.18231734681139894,0.1337371316397786
107,03/03/2005,11.00.00,0.43707942689599116,-0.6021228339476945,0.5483466984362874,-0.5289879777038725,-0.32301909769564263,-0.5543746900583046,0.28528594832199045,-0.13601334464828319,0.15315913320645164,-0.46597638011904186,-0.5480415247608359,0.5091547853357203,-0.3890352777012111,-0.5558434879640047,-0.07097191680523929,0.17660773340672978,0.15060490072904426
108,03/03/2005,12.00.00,0.47725496569400505,-0.6208417463353445,0.5150466395707308,-0.5343700980948981,-0.352769476761707,-0.5693656886317588,0.24178128460608717,-0.1956621217290871,0.1901806928497111,-0.4791386541044198,-0.6513819851256948,0.41129937454510784,-0.38962291793372844,-0.5914707863138746,-0.11760688896989469,0.1917420523910448,0.1657690658573907
109,03/03/2005,13.00.00,0.5093504051032426,-0.6211354671981811,0.4892704224323444,-0.5326510766077229,-0.3814716873789395,-0.5631896426446326,0.2100814395761108,-0.2538173687363474,0.19432620388474456,-0.4833982344253794,-0.7201822383993979,0.33088421228861037,-0.4027293952681491,-0.614647533057133,-0.15319476442344962,0.20894350611897988,0.16383402258174173
110,03/03/2005,14.00.00,0.503770216779968,-0.6187372510023661,0.47597729457252724,-0.5332518371374726,-0.4077299530073697,-0.5622309005019058,0.1918483021181431,-0.28001526624204,0.1839927780479319,-0.49365789172224195,-0.7622326028429806,0.28478832736975307,-0.4193088414527341,-0.6294826534436295,-0.18575405097712194,0.2130034730642757,0.14142890675182526
111,03/03/2005,15.00.00,0.48169684200582674,-0.6316163463223664,0.49580055760232095,-0.5357699559891196,-0.42541572872821165,-0.5810420234050512,0.2128392428557142,-0.26980716077094047,0.17640302411472003,-0.513342447680595,-0.7545744521275274,0.2977164753018969,-0.43515136538995375,-0.6503352866807273,-0.21143681004033946,0.2089293112394582,0.11242046236614806
112,03/03/2005,16.00.00,0.4883438904133869,-0.6583905511338496,0.5634313222209968,-0.5272332501337655,-0.42628211808081456,-0.6052846899455654,0.29783226660116635,-0.23935409969344584,0.1636348790793708,-0.5287755540972968,-0.6630963709679578,0.38637918326497495,-0.4529705833076256,-0.6836452434444517,-0.21995871890586738,0.2154229217744274,0.09796220299802218
113,03/03/2005,17.00.00,0.5386886438337017,-0.678709723330742,0.6597308080167177,-0.49764495340458315,-0.4100216321518679,-0.6086349649782571,0.42812395632704253,-0.20781094836280528,0.12507260162581615,-0.5243347524414398,-0.4991995621607409,0.5295749944312251,-0.47733411464865577,-0.7171648777449768,-0.20720454111530295,0.24316487378815976,0.1093323267327338
114,03/03/2005,18.00.00,0.5963775312712938,-0.6758510139390168,0.7333012227456112,-0.4576545412230565,-0.39071508162454593,-0.5853011100269311,0.5343407287644365,-0.18621060455987257,0.06083210701106856,-0.5023276236969229,-0.3437454478912988,0.6627296219813172,-0.5083381451527627,-0.7298679984442658,-0.18079774501794782,0.2813399647291308,0.13840668491754912
115,03/03/2005,19.00.00,0.6103692061231557,-0.6577831470950679,0.7383003974876934,-0.4373247955996474,-0.3902719285700713,-0.5626103207639951,0.5440061076991359,-0.18045314599121617,0.0063834025471251055,-0.485901355558398,-0.297834975276714,0.7152930498626271,-0.540552416209975,-0.7138645350894038,-0.15293931818344494,0.3068108194694751,0.16405029527453574
116,03/03/2005,20.00.00,0.5711284267173751,-0.6532670425836052,0.6751370034308523,-0.46275046060451885,-0.4219943591794002,-0.577996833909938,0.4441411500549187,-0.19894922384921035,0.007482747567969517,-0.5001506344036836,-0.39824562028077715,0.6639439848777309,-0.5678942350515497,-0.6856010466167988,-0.12886629961798335,0.306508212753114,0.16869656846013376
117,03/03/2005,21.00.00,0.5248879955467334,-0.6845620763286852,0.5922623675671941,-0.5305961556210315,-0.4784484446285219,-0.6417211097337506,0.2965529468593539,-0.25105263542605444,0.07730812224900124,-0.5489944721728792,-0.5804128848186031,0.5516375429235465,-0.5889556429155969,-0.6728088571983545,-0.10391144329911164,0.2896505882362814,0.1508553927822239
118,03/03/2005,22.00.00,0.5264375787084485,-0.7430099773399013,0.5424808982298671,-0.6055712755454546,-0.5356502187611536,-0.7229503722719243,0.18473220314241115,-0.3348924939759706,0.17956492215913442,-0.6105648519522447,-0.7326105900010657,0.44967968878947634,-0.6071328738514209,-0.6878675726852996,-0.07255175527201138,0.27679721870344065,0.12380218854109444
119,03/03/2005,23.00.00,0.5762432658863056,-0.7927665984575237,0.5328970912563257,-0.6459894762054998,-0.5711963034727708,-0.7750455179967892,0.13852036950255037,-0.4283446952733465,0.2580665426980044,-0.6561636974885201,-0.7961539706564363,0.39408191093447864,-0.6256468339049523,-0.7133481936918183,-0.0392582608104198,0.276934842803597,0.10343718504742229
120,04/03/2005,00.00.00,0.6087375008311544,-0.8012256248650339,0.5175762324450619,-0.6361393426102524,-0.5808066633176787,-0.7770679412612083,0.10874073447467865,-0.4971729904688807,0.28684139989732965,-0.67470041910489,-0.816368396191623,0.35545245596373654,-0.6430714826216717,-0.7155017576985525,-0.018052661665120054,0.27687954904681594,0.097091038684609
121,04/03/2005,01.00.00,0.550877536204015,-0.7681899509257063,0.4435440540856523,-0.5968335968682569,-0.5787110678670409,-0.7514600054513604,0.019675727105448987,-0.5178730146417023,0.29204930423717734,-0.6790603108847733,-0.8914304880316644,0.27329450782126835,-0.6544677789453246,-0.6750336164849503,-0.019174105039133645,0.25532517206201516,0.10221763095533601
122,04/03/2005,02.00.00,0.3988821845489611,-0.7260061206038733,0.30919115878540326,-0.5649787103267563,-0.5819839678551428,-0.7402949304745022,-0.147295773502372,-0.4958889455749875,0.3224746958543288,-0.6887499737636885,-1.0638994475115677,0.12509305514556923,-0.6571412021694714,-0.6070942557991426,-0.03570990358515902,0.2084227803219646,0.11333161616395548
123,04/03/2005,03.00.00,0.2377384423255254,-0.7101662984982047,0.17947609021544075,-0.5612073190122342,-0.5936179179829972,-0.7629063533071946,-0.31846576512180347,-0.46097023302907114,0.39561152929990084,-0.7067686185909429,-1.25860338245253,-0.034721182127893935,-0.6547523028779129,-0.551399907100055,-0.045188168829472596,0.16058367121393136,0.1281735811818965
124,04/03/2005,04.00.00,0.17864220652161883,-0.7279947683319846,0.14028423010833568,-0.574863128632379,-0.5999415468648752,-0.7962715129505955,-0.3781410586670725,-0.44148938144846195,0.47202750069479754,-0.7144533487565796,-1.3311188023634417,-0.10581957753918886,-0.6547180082198806,-0.5407487037924148,-0.027605342523712703,0.14734047269079936,0.14679354099892356
125,04/03/2005,05.00.00,0.2672042639633672,-0.7546181885820378,0.2300894243653444,-0.5784865964098465,-0.5842762324313212,-0.7975937361542242,-0.26276477101264545,-0.4399826377676002,0.48535355919596124,-0.6901211084104866,-1.1884185246120629,-0.019533937560005432,-0.6606473553087994,-0.5759868588427666,0.015224845673073896,0.1844091677097569,0.16624331451679195
126,04/03/2005,06.00.00,0.44501925027229133,-0.7589967042416315,0.4082563257461165,-0.5562340577232643,-0.5436433886149667,-0.7473644843924659,-0.0159513175217684,-0.43261038000462676,0.40223943129912354,-0.6333668421934197,-0.8744658175510621,0.2034426490358375,-0.6671571620239257,-0.6289767431772908,0.057232118720184626,0.2517460892523612,0.17881703814794508
127,04/03/2005,07.00.00,0.5992743076854798,-0.7342049964779822,0.5862219477544699,-0.5188674256593513,-0.49306941900258083,-0.6711217665766414,0.24300917118405724,-0.39388803779363285,0.25697391531156666,-0.570678384352596,-0.5441622262039655,0.46418470886949015,-0.6628874486145608,-0.668911947845984,0.06644229777115174,0.3084190840229291,0.17761462497644162
128,04/03/2005,08.00.00,0.6546102648653348,-0.7030731110009477,0.6920988593045644,-0.49251689655457975,-0.45419885326316073,-0.6187854895012802,0.4069323579383422,-0.32441008969596397,0.12813962566629966,-0.535870239150666,-0.3497996367912305,0.6538654705662332,-0.6399341722332419,-0.6866665403201948,0.029186452258877397,0.325503356897376,0.16422527880634197
129,04/03/2005,09.00.00,0.624892332164011,-0.6951106011911049,0.7129847435120484,-0.4941113520847497,-0.43937447804609164,-0.6214343472046541,0.44786061455536397,-0.2558224828205451,0.07811470341200061,-0.5432125360735459,-0.3397124805436308,0.7205638925125554,-0.6014816526940719,-0.6959580770080965,-0.04031252678779514,0.3074541180889906,0.14952454674527044
130,04/03/2005,10.00.00,0.5834464191872772,-0.718463054144815,0.684787915436878,-0.5179070378306903,-0.44534120181493864,-0.6665405933851238,0.41230645216357,-0.22768834882253408,0.10940742177995266,-0.5780991801900625,-0.4502430238044174,0.6839098954191856,-0.5605522523995203,-0.7137193163646024,-0.11237680773789864,0.2836070439541413,0.14473414709622856
131,04/03/2005,11.00.00,0.5874453841333752,-0.7542526095097201,0.6492167625139298,-0.5446091475583592,-0.4602717230187808,-0.713767910467155,0.3627436869276274,-0.2562673601890133,0.1738688455924441,-0.6129839348689623,-0.5820244316913492,0.5982276595658758,-0.5306847489820792,-0.7414218478128316,-0.16431586514776703,0.2795952846681734,0.15023292766162955
132,04/03/2005,12.00.00,0.6308695073252568,-0.7773159534000998,0.6230768411526129,-0.5613805787290158,-0.47501960465117354,-0.7338194860020533,0.32801143664981663,-0.3220965315115284,0.2206033341679947,-0.6321810148748894,-0.6790509462850125,0.5079749573913905,-0.5166177027534119,-0.7656980531855964,-0.19316741201182394,0.2963211051079693,0.15335854346453814
133,04/03/2005,13.00.00,0.6659766957059197,-0.7810512573829088,0.6043952045486191,-0.5712931208684373,-0.48707216612773396,-0.7317764133449419,0.3050498027766783,-0.3858181222176237,0.23497325259051793,-0.6416960569054689,-0.7408929033760007,0.43506520952932193,-0.5128366007962077,-0.7752644190518541,-0.2096072200059526,0.31496869453349124,0.1388813439361537
134,04/03/2005,14.00.00,0.6630663623691566,-0.7811197042449755,0.5980065347807418,-0.5836641776866198,-0.4951741576504377,-0.7339555482946384,0.295344774980296,-0.4169223417007417,0.2352836413863408,-0.656352006852792,-0.7754807071901816,0.39622204666993727,-0.5104533744685052,-0.7743250069384595,-0.22182770209284422,0.3202881990976829,0.10360596294155994
135,04/03/2005,15.00.00,0.6432158759027962,-0.7954288475532498,0.6244176028700339,-0.5979866761182626,-0.493356942131406,-0.7548531143470938,0.32447454175553636,-0.4109216834091015,0.2386607255447591,-0.6795029528252711,-0.7600072853462054,0.41599138782552064,-0.5054424146819347,-0.7773605225143174,-0.2261701409652545,0.3172441997218406,0.06158181992852281
136,04/03/2005,16.00.00,0.6515354092271436,-0.8225460891795985,0.6981927756202768,-0.6011838256928868,-0.4735511688805115,-0.7800863930347068,0.41703719630084457,-0.38394590855798677,0.23708293468148214,-0.6974118719981732,-0.6605221040980885,0.5109237129966624,-0.5007259469428567,-0.7909575071225681,-0.2125526383642353,0.3244949880172924,0.03414980801876714
137,04/03/2005,17.00.00,0.7029020889403371,-0.8420829748134535,0.8000680901296053,-0.5831554572222608,-0.4356425648827904,-0.7832996292052975,0.5541512751983492,-0.3551265182968377,0.20983311094444196,-0.6944065345694163,-0.48859428550219003,0.6596585873903378,-0.5011020683173543,-0.8030386329287438,-0.17707330634091772,0.3526774314082104,0.032777661176937596
138,04/03/2005,18.00.00,0.7608670886820788,-0.8372910642698912,0.8785239074580107,-0.5544499875166704,-0.393918657779397,-0.7586823200969169,0.6662696156749136,-0.3354812250400813,0.15692506848439217,-0.6727563635657363,-0.32525779953360795,0.797466117568371,-0.5069165779617405,-0.7927697455251066,-0.12757746786986543,0.3909332912321263,0.04953033393113346
139,04/03/2005,19.00.00,0.7743002753877184,-0.816126691822057,0.887601298510965,-0.5450325883156177,-0.3705067833081258,-0.7335562673230414,0.6807492029109184,-0.3309032555755179,0.113727248317497,-0.65558256819063,-0.27178827295880187,0.8536463461345071,-0.5130049939174797,-0.7524723908556924,-0.07649394353235776,0.41608358637884624,0.0634589179872858
140,04/03/2005,20.00.00,0.7335855877880583,-0.8073519054799234,0.827598964712528,-0.5809048965504388,-0.3789356666314193,-0.7453638297796974,0.5844541080211081,-0.34980479708488355,0.12589607727311541,-0.6679664505798039,-0.36513744228700257,0.8047359589786228,-0.5135633873782893,-0.6988219405976572,-0.029290976706660567,0.4150196761776273,0.05717729879462195
141,04/03/2005,21.00.00,0.6848843817707432,-0.8332408757993937,0.7468666881826355,-0.6586439208684118,-0.41200397482293005,-0.8043870814347291,0.4390464051043275,-0.4015495185328969,0.20651260053423107,-0.7138264904244366,-0.540912079475854,0.6935581577420192,-0.5074722107273941,-0.659793128912336,0.01846675778874645,0.39692352488875504,0.029367730423742563
142,04/03/2005,22.00.00,0.682925544313992,-0.8851637700032873,0.6981173004228598,-0.7428778619761456,-0.44596370080168296,-0.8798281560660817,0.32788603860905785,-0.4842845863318305,0.3191892903503741,-0.7713070875762305,-0.6875517278171338,0.5912991873053528,-0.49842229323805354,-0.6480207853314974,0.07207228724092221,0.38232158157829144,-0.006532526768439614
143,04/03/2005,23.00.00,0.7281262180345347,-0.9273183282181942,0.6883751195529362,-0.7918464344301643,-0.45864804234524,-0.925095791786576,0.2807000825723437,-0.5759118757774244,0.40765168144753566,-0.8117354661936936,-0.7465292874191166,0.5338649712999342,-0.4899317769861354,-0.6463400135137761,0.12682922794295481,0.38017210022156445,-0.03447422078085216
144,05/03/2005,00.00.00,0.7548827495652151,-0.9271532074070153,0.6716379523095035,-0.7897722779247536,-0.44601139114063604,-0.9193116279276595,0.24821577152662327,-0.6422286911524548,0.44584636689273394,-0.8240589932859602,-0.7633173092197311,0.4917741533384674,-0.48087091869560694,-0.6212717837967344,0.16849773327496445,0.3772676606644044,-0.04699262622534331
145,05/03/2005,01.00.00,0.6901300007394028,-0.8845388273153459,0.5948779007341088,-0.7574108065468145,-0.4225130441414941,-0.8849899895414328,0.15463952543447504,-0.6597713484185836,0.4598582593752021,-0.8212131889463723,-0.8362268007034614,0.40445790376514823,-0.46659246384757097,-0.5537940828665119,0.1866302497447774,0.35228414587781554,-0.04651669885841264
146,05/03/2005,02.00.00,0.5300787815042841,-0.8319011195681447,0.4564467707443616,-0.7316203534686064,-0.4054493769145657,-0.8642869384902299,-0.018704258996955436,-0.6340313007153688,0.49840461576468986,-0.8227666073641824,-1.0079363887906891,0.2493482122857553,-0.4446856479014089,-0.45932956549627363,0.1879432110472075,0.30136074582151223,-0.03843327061555947
147,05/03/2005,03.00.00,0.3597229708582482,-0.8048226548599293,0.3212799482168517,-0.7329950044604132,-0.3980246449505857,-0.8766288580984958,-0.19813931551599878,-0.5948112537291654,0.5789206039021877,-0.8317914490897296,-1.2033766579668064,0.08084301690889806,-0.41908332311366536,-0.37786299676146606,0.19472667843743463,0.24890339569270273,-0.024923399211712605
148,05/03/2005,04.00.00,0.29028053704808626,-0.8107281549237225,0.2752559101364914,-0.7508498022364672,-0.38676644554999234,-0.8990945347229021,-0.2679805051102371,-0.5705422616616075,0.6619240967039578,-0.8297080124328506,-1.2782078612741357,-0.000740659373760888,-0.3974599776244338,-0.3424542757337593,0.22681891534568505,0.23044624059600224,-0.00588012805001098
149,05/03/2005,05.00.00,0.36739963135051046,-0.8248536306478899,0.35685826428110534,-0.7577066061318483,-0.3551800294258836,-0.8889964262596396,-0.16465466429657136,-0.5638236641733922,0.6810056292158885,-0.7949256801064922,-1.1394662716777826,0.07327565754456294,-0.38366436127374004,-0.3542015557645286,0.2822593422561065,0.26171393665602327,0.015782905379349246
150,05/03/2005,06.00.00,0.532727449125698,-0.8162762586900774,0.5254782980089696,-0.737713273847941,-0.3004533969294413,-0.8269413931781143,0.06826474088489974,-0.5508826695033202,0.6027842424717935,-0.7271399987689169,-0.8311570221372806,0.2822314813831643,-0.372532265861944,-0.3852063780561392,0.3348509731910562,0.3226788312523166,0.03237128411659805
151,05/03/2005,07.00.00,0.6735185867143278,-0.7781940932088288,0.6925965264701828,-0.7016332936605706,-0.23776026154584934,-0.7385877129248248,0.31155322346191455,-0.5063044250977233,0.46152796846205973,-0.6529463825744966,-0.5082008991712184,0.5272564248024427,-0.35289930895726007,-0.4048859374115294,0.3525145201069977,0.37243221653591513,0.03697286744402372
152,05/03/2005,08.00.00,0.714495719293802,-0.7335654697497381,0.7863856681988928,-0.6756083019780874,-0.1888714210529527,-0.6739789671480031,0.4581164932056816,-0.43075513134214477,0.3358086345218459,-0.6062726172503362,-0.3228856619971659,0.699601166338119,-0.3170313159973329,-0.40431972469360955,0.32149874698779857,0.3820801655807874,0.031141203599559172
153,05/03/2005,09.00.00,0.6696195977427103,-0.7120316546597372,0.7940197724795853,-0.6765881801185348,-0.16623336984873133,-0.6643194211941738,0.4801107654784563,-0.3559535550870938,0.28800350381669515,-0.6015064639537598,-0.32351779989616875,0.7474440756028904,-0.26825470800007933,-0.39741013995447083,0.25596797783547126,0.3561160716802596,0.025692785883723743
154,05/03/2005,10.00.00,0.6123244785123462,-0.7218718264318551,0.7514990970865647,-0.6988593149702379,-0.16667091071856238,-0.6972072589004045,0.42418527407633144,-0.3215358284572243,0.32062968280700294,-0.6241623999876396,-0.44638768315964594,0.6905357624668329,-0.2197044829553063,-0.40125204988777885,0.18556586976950507,0.32392090154279135,0.03176738779091998
155,05/03/2005,11.00.00,0.5999033056332868,-0.7443420178320223,0.7006387065043688,-0.7231656589478996,-0.17841185105315271,-0.7324309055913698,0.35297221735675444,-0.3438338884686801,0.3855564581693475,-0.6468162510916311,-0.5920527995019926,0.5833414155736913,-0.18500125034605003,-0.4174545311318546,0.13297353193471023,0.311179896764298,0.04963982725379183
156,05/03/2005,12.00.00,0.6264669492362536,-0.7544115204230468,0.6583645331145157,-0.7367168621235656,-0.1923393986570553,-0.7408155692891761,0.29548924583004643,-0.4034553736491569,0.4319153579790441,-0.6539043113059692,-0.7044084172770432,0.47047891002116443,-0.16893363732625916,-0.43276123903630226,0.10116866632951808,0.3188538123429608,0.06652274017924933
157,05/03/2005,13.00.00,0.6444130216543715,-0.7456082411741332,0.62283648783908,-0.7426387468835021,-0.20594467667256933,-0.7275601364744265,0.24887336207537403,-0.4611106456091525,0.445104308899884,-0.651552835880334,-0.7829033962626178,0.37403938464939285,-0.1660048600602883,-0.43597243972317157,0.07951552722730357,0.32819123153469587,0.06704184076298404
158,05/03/2005,14.00.00,0.6241882313549619,-0.7337186723651203,0.5990332070963139,-0.7503092356574028,-0.21795032761042396,-0.7190935729528447,0.21482379005494853,-0.4863546475143629,0.44347164752702195,-0.654702464882153,-0.83532525784821,0.3109400871423747,-0.1673120639534305,-0.43134752787920283,0.05988582784351684,0.32401201601435653,0.04783914584584739
159,05/03/2005,15.00.00,0.5870231877281715,-0.7367697411541482,0.607614975746396,-0.759287395618885,-0.22233993266136162,-0.730017140877107,0.2191460205118787,-0.47476043676306123,0.4441938763935183,-0.6668206248590121,-0.8387040256502296,0.3059345162581574,-0.16878255904457057,-0.4333934829244164,0.04602571713547635,0.3113551200178494,0.022785352108409263
160,05/03/2005,16.00.00,0.5781855060923108,-0.7534408417220656,0.6633075627624078,-0.7565672752525274,-0.21097122781461536,-0.7460447858998221,0.28667704791049464,-0.44251342255242776,0.4393058471073478,-0.6742778945027541,-0.7589079015142621,0.37579256085990875,-0.17325980961026716,-0.44869379421897326,0.048126761657859465,0.3089571283531159,0.01302861932088649
161,05/03/2005,17.00.00,0.6127121351217952,-0.7634467680706319,0.747014510256395,-0.7321232739777133,-0.18363273617965914,-0.740907840823129,0.39878326540755316,-0.4087951565709521,0.40815205899344614,-0.661502594919664,-0.6073082998881647,0.4993827171710891,-0.18543247224282514,-0.4651388396490422,0.07022142467540105,0.3275363177019311,0.02983222629964999
162,05/03/2005,18.00.00,0.6543145724741622,-0.7501323213218496,0.8073879085710083,-0.6965811042385733,-0.15449162054365623,-0.7088722298302941,0.4861715349193425,-0.38466719607206834,0.3508122497081248,-0.6308564197296928,-0.46472719158260367,0.6122110911928553,-0.20550760136449753,-0.46183336018762444,0.10461429157176608,0.3563181141596674,0.0650474050521104
163,05/03/2005,19.00.00,0.6520216006143813,-0.7215359226026518,0.7986428329940358,-0.6799849373078176,-0.14553309529565928,-0.6773245662086465,0.47645613701490497,-0.3760598795739382,0.3027240350356808,-0.605543438148381,-0.4322162736222109,0.6438182214459127,-0.2281543975475549,-0.43100976176763944,0.13904398426513737,0.3722085495663352,0.0975048472679638
164,05/03/2005,20.00.00,0.5963727458884831,-0.7064895349027402,0.7212522681626261,-0.708416083170819,-0.17012367014726057,-0.6837595937534843,0.35675873610474784,-0.3914153329258631,0.30961522048974577,-0.6107173851626732,-0.5464939645989731,0.570983126272339,-0.24737710809198815,-0.3892273488640586,0.16822523435825243,0.36218440103140614,0.10959405420862751
165,05/03/2005,21.00.00,0.5336797194197905,-0.727324197377163,0.6237385390571778,-0.7785308726945608,-0.22088160275209878,-0.7384986862159921,0.1889962852977586,-0.4401196436941367,0.3846393685392298,-0.6503578561052996,-0.7429270238448158,0.43677045984634133,-0.2618412302349048,-0.36431928885319687,0.1967896947080831,0.3355124872620368,0.0997716749302709
166,05/03/2005,22.00.00,0.5188146654298101,-0.7754531790170692,0.5589832621381842,-0.8550354727529685,-0.2738623974657035,-0.8107696953570881,0.05677787879011596,-0.5203346270932372,0.49148153852574117,-0.7026582970171412,-0.9097110994624062,0.31260429902743836,-0.2750021611726189,-0.36875507417628484,0.23023774180586348,0.3128025671379663,0.08125094293084445
167,05/03/2005,23.00.00,0.5523290826370563,-0.8151029977557965,0.5341737913917851,-0.8962452347330377,-0.306688988143977,-0.8539931669117754,-0.00992896967473167,-0.609968888024662,0.5739388642512957,-0.7389823039244569,-0.9880742104274631,0.23462204700404876,-0.29012503422558,-0.3851827105807443,0.264088908736503,0.3030936773587707,0.06986146112808427
168,06/03/2005,00.00.00,0.5687430548367699,-0.8137363779047891,0.5034632798313902,-0.8864551768636644,-0.31509419198508076,-0.8472884814999392,-0.060168206007791575,-0.6748184940207684,0.6060275174334719,-0.7483004916961943,-1.023245986578657,0.17356478418197296,-0.305812630644767,-0.3799165744738858,0.28432528661891854,0.2932556818433203,0.07285544876212077
169,06/03/2005,01.00.00,0.4951029517285885,-0.7712228853419472,0.4139696205056233,-0.8464889604171706,-0.31330701665182,-0.8131536578470875,-0.1695190139640167,-0.6914106133818,0.6138989756525393,-0.7435582154930026,-1.1132994330925219,0.06907445906852783,-0.3171390345925467,-0.33371105476445656,0.2807246723709132,0.2620373004470127,0.08760128280293943
170,06/03/2005,02.00.00,0.3277173796853574,-0.719972644695217,0.26417908711712657,-0.8132682282951147,-0.31838752885903693,-0.7937145974664553,-0.3564596854538075,-0.6652197981668695,0.6463331063134726,-0.7443203278397369,-1.3006830287899123,-0.10122032893763205,-0.32140704521253755,-0.2617508933117631,0.2602296248125183,0.20564519916889248,0.10852189556459649
171,06/03/2005,03.00.00,0.15166296807833013,-0.6955376142184095,0.11914856203273266,-0.8074447092832724,-0.3333004175914361,-0.8083540355477011,-0.547136214323179,-0.6260243568362627,0.7208228579705722,-0.7536418334931613,-1.510107939585545,-0.2827415733418658,-0.3222588017894132,-0.2037714792804146,0.2453544694469299,0.14854656122886511,0.13326088164339928
172,06/03/2005,04.00.00,0.0782242200835862,-0.7052974237100891,0.06486353980998238,-0.8183847790066225,-0.3443332510495116,-0.834094157163448,-0.6257075734651314,-0.6022238040936867,0.7979382559758382,-0.7529125497337397,-1.597028508924578,-0.3750109303635999,-0.327077345126558,-0.19257485327862855,0.256157271976292,0.12632974218018506,0.16176702715174024
173,06/03/2005,05.00.00,0.15309861791149615,-0.72442901323125,0.139898818693527,-0.8186547698462074,-0.33475358251225124,-0.828178562384001,-0.5284686082297478,-0.5963792436893066,0.8113156487191111,-0.7204984658170976,-1.4682912577737608,-0.30920936557385736,-0.33942278555018424,-0.22899589972678558,0.2908902581028962,0.1547658295751041,0.19098779382766784
174,06/03/2005,06.00.00,0.3179646897201132,-0.7219371792430856,0.3037198777692589,-0.7924397031258452,-0.30151680612717424,-0.7711338474554926,-0.29888647411707703,-0.5846734837025217,0.7276129378442591,-0.6560393548327929,-1.1677302089948074,-0.10587935922742792,-0.3538485812306591,-0.2848706064138977,0.32355981167619735,0.2138651596528127,0.21311100259862437
175,06/03/2005,07.00.00,0.4600897779769775,-0.6909351169615209,0.4678634450924808,-0.7505325771709406,-0.2595718118609476,-0.6885276125234171,-0.05610652735337479,-0.5416417188348706,0.581129554937549,-0.5860631626884607,-0.8501159692711902,0.13620260086111674,-0.3589177325348608,-0.32935147180937036,0.32227826689902184,0.26274799410929317,0.22112951048836108
176,06/03/2005,08.00.00,0.5041903431211521,-0.654284806147833,0.5605396974689993,-0.7190966499561706,-0.23047494743361938,-0.6303034731884744,0.09282769790233095,-0.4678953275032167,0.45046086978754324,-0.5444193424312058,-0.6676091112927287,0.30835569555434406,-0.34663644486948775,-0.3532572661756904,0.2734721041991594,0.27253987422927384,0.21652597558322734
177,06/03/2005,09.00.00,0.4642018067246665,-0.6415207820204907,0.5689408265554592,-0.7150954125938597,-0.2264710894553575,-0.627557681532058,0.12009392394680171,-0.395094131711928,0.3979995521805344,-0.5454074230460004,-0.6684137420882029,0.35880038722628077,-0.3200876267153093,-0.3702367023092515,0.19146747981311357,0.24774377973402348,0.21007117853466414
178,06/03/2005,10.00.00,0.41351405162362415,-0.6608063642841017,0.5290655775632849,-0.7328208392394315,-0.24419855243763258,-0.6677737043567383,0.07233310063684513,-0.3628119956912979,0.4262698218211616,-0.5744448380187035,-0.7887441890907777,0.30730224844026416,-0.2921817725187469,-0.39714095228439206,0.10605222383518427,0.2177401087630562,0.21288512184143188
179,06/03/2005,11.00.00,0.4093568988890451,-0.6932739581338966,0.4827077356838088,-0.7530145482695645,-0.2717158930671681,-0.7106199749634107,0.012139150809382215,-0.38731610863705807,0.48713975095635775,-0.6040027550378396,-0.9291094752948453,0.20831388191903794,-0.27633665407436414,-0.43534821566825466,0.04003240844404327,0.2082032177835732,0.22524924629723314
180,06/03/2005,12.00.00,0.4457598640132446,-0.7137629125032695,0.4467523049745611,-0.7628761455859162,-0.29975619967781436,-0.7267979308319588,-0.03153839760537244,-0.44914775701988685,0.52973141494978,-0.6184064881376486,-1.0333849078805772,0.10641291813237619,-0.2771621062752331,-0.47138674455572527,-0.0035098194387022663,0.22007261329108765,0.2344093379343371
181,06/03/2005,13.00.00,0.47502170864780974,-0.7156664077023568,0.4192989656746633,-0.765514016929496,-0.32568126389298896,-0.721380455024296,-0.06166002187330882,-0.5089502432626288,0.539425261347714,-0.6236663618572278,-1.1010284878389962,0.023622793781605478,-0.28900867155885007,-0.49385933111143177,-0.035127329276437094,0.2345653363469336,0.22505060001540875
182,06/03/2005,14.00.00,0.46747374071033176,-0.7146330151470055,0.4052473934889787,-0.7702816749106899,-0.34810658481710177,-0.7206698527154849,-0.07665250423899087,-0.5362116513171956,0.5345444527478646,-0.6346035681799492,-1.139866243162251,-0.023233891520248462,-0.3028486814567628,-0.5068480504439391,-0.06288788128632407,0.23645959926705862,0.1939003683997449
183,06/03/2005,15.00.00,0.4442157658811006,-0.7285501763269706,0.4251609744730469,-0.7767073184758876,-0.360931915570167,-0.7391416543801744,-0.050863722784150106,-0.5264392849019032,0.5322330695297119,-0.6545640459516128,-1.1269959913896899,-0.00952441565019696,-0.31451388043100104,-0.5247046848198005,-0.08300765267897621,0.2307429020978489,0.15493966410033333
184,06/03/2005,16.00.00,0.4503705273389707,-0.7559578841918647,0.49365164351176755,-0.7717482722976303,-0.35595532067253144,-0.7623865799281037,0.040364069752311826,-0.49575479755319973,0.5244868489401762,-0.6697963504952464,-1.028382595394167,0.08137531992256891,-0.32678243435955634,-0.5538813364340269,-0.08528047580843301,0.2360909863322152,0.12945084518414518
185,06/03/2005,17.00.00,0.5008175411275633,-0.7764332650424712,0.5914933757564581,-0.745337038718558,-0.33293035420500017,-0.7640167905581392,0.17819392949613821,-0.4632788513599878,0.49060514142630746,-0.6646077554552863,-0.8555222383933577,0.22816440795880094,-0.3443086059133005,-0.582162193191261,-0.06568229452946164,0.26315242148489826,0.12885383741644416
186,06/03/2005,18.00.00,0.5590999758725445,-0.7731868147882428,0.6671943499137007,-0.7080530120836654,-0.306014156999339,-0.738184593198239,0.29310736432287626,-0.44001581258083144,0.430617251901105,-0.6412413834402544,-0.6893886765317265,0.3661576087474925,-0.36729620857025697,-0.5885720739603203,-0.03193959177608627,0.30107469232873185,0.1451772655554439
187,06/03/2005,19.00.00,0.574069189946565,-0.7541276009087732,0.6748129430078601,-0.6898904362089273,-0.29720680990884163,-0.7121699717695176,0.31247361752740227,-0.4318433137693911,0.3799059130196576,-0.6227866800739196,-0.6312109968531494,0.42468409561075193,-0.39044221230334425,-0.5652904725155234,0.0036331487972555143,0.3266783829511142,0.15744799929786282
188,06/03/2005,20.00.00,0.536080108397343,-0.7479647142408071,0.6146543645352358,-0.7168779441129071,-0.3199142172734911,-0.7233693776384006,0.22315220105450428,-0.44715599011911955,0.3841405019127426,-0.6342881273960455,-0.7179088953519025,0.3802936551925341,-0.40780911295801225,-0.5288511965061728,0.03567640785705093,0.32684813441005106,0.1482683080327331
189,06/03/2005,21.00.00,0.49125467603288564,-0.7769142555119146,0.5350639289554415,-0.7856173363301076,-0.3668179030951971,-0.7820154768094106,0.08678357317515434,-0.49529831864466745,0.45641357198235416,-0.6796227963159674,-0.8850722923356271,0.27580620232456565,-0.4181502231541611,-0.5070893967101819,0.06872758948393469,0.31075284087211774,0.11632179537684098
190,06/03/2005,22.00.00,0.4942721888957857,-0.8322838459698774,0.48873895852092897,-0.860759316145721,-0.41405956621435336,-0.8572581288830734,-0.013311063501321468,-0.5743969749252552,0.5603476038073589,-0.7368896127370297,-1.02113961256511,0.18238810478452466,-0.4250370411105839,-0.5125037540327559,0.10817421126196453,0.29889951994793795,0.07506025220017383
191,06/03/2005,23.00.00,0.5454903454138987,-0.8782048917561105,0.4826772682196284,-0.9005637695569841,-0.43937004499207,-0.9024516029972375,-0.04746039938854349,-0.6623324044247136,0.6396766265042689,-0.7773668347197291,-1.0675987612125544,0.13590877477991894,-0.4318774535665565,-0.5277980571783467,0.1494059467294705,0.3002206833855132,0.04056070899090445
192,07/03/2005,00.00.00,0.5792366284144803,-0.8820566598230382,0.4708393294750375,-0.8892711775501628,-0.43861029442631205,-0.8966615752238085,-0.06500971006923681,-0.7248799165544288,0.6683542434303096,-0.7899499867275906,-1.0699536478864693,0.106833826955884,-0.4374416835551187,-0.5193681228992602,0.17825983692384384,0.30147696942354724,0.020328833960441738
193,07/03/2005,01.00.00,0.5223681537043462,-0.8436378914098009,0.4001493516740264,-0.8476525081082859,-0.4261559771305039,-0.862345634213893,-0.1418413820218857,-0.7385536504935502,0.6724709666542045,-0.7875205209160684,-1.1265630569898368,0.03452516307977743,-0.4369936759254989,-0.46807418705078396,0.18435542536635496,0.28130629225768955,0.011989543725663951
194,07/03/2005,02.00.00,0.37100973962655914,-0.795301345463832,0.26890107654822437,-0.812579443784551,-0.4192303983469965,-0.8416030653122712,-0.29673550272026916,-0.7088230879662643,0.7007483568559278,-0.7895913767673188,-1.2801697068530489,-0.1036702976892559,-0.42804596373689746,-0.3892296974189821,0.17446595267713616,0.23580407828223154,0.010222423668207692
195,07/03/2005,03.00.00,0.21006175816414785,-0.7725557378694949,0.14196214758766912,-0.8046573360066733,-0.42097594289023,-0.853804171202093,-0.45613518506559264,-0.6654695549319405,0.7706247457462929,-0.7991782914221834,-1.4557843145800655,-0.25345489571127877,-0.4144675041314785,-0.3227197840242261,0.17092762371714454,0.18932699555576454,0.012924847028458239
196,07/03/2005,04.00.00,0.15064197204261803,-0.7827520738887745,0.10513421736231399,-0.813210565407518,-0.41787004013900136,-0.8759730834760133,-0.5044886241731638,-0.6369036978779796,0.8426202236068299,-0.7976449602093927,-1.5091628650385691,-0.3146263484977894,-0.4038822424995241,-0.30151518668857374,0.19361393823394027,0.17735476656061255,0.02029354189480148
197,07/03/2005,05.00.00,0.2382925242161497,-0.8010536057604136,0.19681568031558144,-0.8107685894514666,-0.39337984126931064,-0.8653697462378009,-0.3783688572346538,-0.6257057900555371,0.8503268245072451,-0.7633447349684859,-1.3474523542839414,-0.21863449400641077,-0.4001021135462819,-0.3266361452569973,0.24058853248846906,0.21555287163044354,0.02951517454634768
198,07/03/2005,06.00.00,0.4145497645928567,-0.7964665184094211,0.37630500459366467,-0.7814853404432258,-0.344667540385108,-0.8025513385781058,-0.12150719114037406,-0.6080856680042299,0.7603646294288231,-0.6959184092553707,-1.0147828604116826,0.01371932503994533,-0.39794002328870004,-0.37011816117619833,0.2856676330708187,0.28383018248665187,0.03300522892679662
199,07/03/2005,07.00.00,0.5665536328625236,-0.7621204306098286,0.5549831451741544,-0.7361290982722634,-0.28689342066084256,-0.7131299482998728,0.14670375832693006,-0.558613135049195,0.6070025374592091,-0.621908613042826,-0.6662134131754154,0.28341247445836537,-0.3862226596021605,-0.4013247431250682,0.29677430747246636,0.3412107162084737,0.023970010172798838
200,07/03/2005,08.00.00,0.618909411969879,-0.7209085595697593,0.6609174571699222,-0.7008452684028241,-0.24182716602439913,-0.6471070782630257,0.31899274856290016,-0.4779413829380506,0.46881337882616936,-0.575192985123036,-0.4541822429146501,0.481533264993757,-0.35722072672000205,-0.41129437680116193,0.26014908991019836,0.3587300145639277,0.004088899403397336
201,07/03/2005,09.00.00,0.5854588392585971,-0.7024110935588367,0.6811718239344562,-0.6925867543175809,-0.22192627372931717,-0.6356495971127227,0.3673317808361676,-0.39777878417991774,0.4081758813478153,-0.5701124143434685,-0.42715733131456507,0.5560889500681487,-0.3142790138691378,-0.4139013103754543,0.18993788178326135,0.34080826435480144,-0.01568964123671701
202,07/03/2005,10.00.00,0.5395166774869964,-0.7148508507673147,0.6516325877684048,-0.7056425042852758,-0.22403832967078416,-0.6663234904956712,0.3381802560846089,-0.35775393695643287,0.4276094161301263,-0.5921383791736466,-0.5216002314203236,0.526651736569452,-0.270563891132126,-0.42622512864737816,0.1157562317829319,0.31675116410867304,-0.02408906388614568
203,07/03/2005,11.00.00,0.5382570528733067,-0.7394328454208808,0.6139982422348318,-0.7207588628420564,-0.23642523655289166,-0.698890639165965,0.2939766283179945,-0.3741943146603999,0.4789866792102821,-0.6138081329876717,-0.6382478616947669,0.44750265957928526,-0.2397396990056818,-0.4498723587941058,0.060248068653932264,0.3121672657589922,-0.020694365749039476
204,07/03/2005,12.00.00,0.5756738522264424,-0.7510812557162341,0.5850766167400316,-0.7251479948489107,-0.2500150167910877,-0.7041557484209257,0.26354264582644243,-0.4277063335332876,0.511444098429934,-0.6195243244550532,-0.7211816301794896,0.3630712850656981,-0.22665035927365865,-0.4715965505257621,0.026345553958888636,0.3279398739595153,-0.018150759556313137
205,07/03/2005,13.00.00,0.6040506878181598,-0.7432852768365389,0.562909127812818,-0.7219386474271258,-0.2623536178296742,-0.6873035603286775,0.24381903273992744,-0.47900250390101407,0.510386331391738,-0.615384932440518,-0.7700416251741347,0.2952579248120652,-0.22586501156759448,-0.4802198735418967,0.003359841458217376,0.3452400359464588,-0.03168988998006571
206,07/03/2005,14.00.00,0.5937243778560456,-0.7317995146656574,0.5523566715981534,-0.7205123553754692,-0.2722276994041343,-0.6747554953520556,0.23631014919601967,-0.4976433751479939,0.49417060688766934,-0.6163080677506398,-0.7928100010603433,0.26078814494929703,-0.2285562919706812,-0.48003506154510805,-0.016897139226350957,0.3488106743080119,-0.0645281020074539
207,07/03/2005,15.00.00,0.5658208434022987,-0.7346261818264845,0.5739636848771902,-0.7204327491459085,-0.27369313968420306,-0.6811120313618331,0.2666298179230261,-0.4792111104239831,0.47998479455733534,-0.6257446845202762,-0.7667130878020499,0.28422458036680115,-0.23073539409923244,-0.4855931639572346,-0.030744763650604565,0.343615084615691,-0.10265555553092741
208,07/03/2005,16.00.00,0.5655092592131378,-0.7504273951345151,0.642343099024552,-0.7086996356768452,-0.2586872536930429,-0.6920931719283594,0.3594283138377191,-0.4399037210381927,0.45987787966408944,-0.630055183463168,-0.6578153072607983,0.3821487374715516,-0.23533678725674026,-0.5035316460627596,-0.028061735948482616,0.3483161510119136,-0.1247889159209242
209,07/03/2005,17.00.00,0.6077353693193666,-0.7589082896754773,0.7382897154772432,-0.6752945889511083,-0.22708435619731726,-0.6814431491341387,0.49589196463709584,-0.3989188086179905,0.41321152598466654,-0.6136641647312039,-0.47768243780094855,0.5332448496660773,-0.24714590262871225,-0.5218038334123706,-0.004889575516514644,0.3735610724020858,-0.11953513707465478
210,07/03/2005,18.00.00,0.6561276222515018,-0.7434117214843535,0.8103520236185635,-0.6308521057111678,-0.19314248671042264,-0.6434475448950766,0.6065558613036053,-0.36733733470562113,0.3400858982616046,-0.5789361436713059,-0.3073271970620451,0.672840475575422,-0.2664709241520429,-0.5195853558312898,0.030999668541664048,0.40850746550226363,-0.09492001494442939
211,07/03/2005,19.00.00,0.6596407478630949,-0.7119818890511342,0.8126476254716934,-0.6054269139756098,-0.17894164992939723,-0.6055192245617248,0.6188723660189297,-0.3511122590156423,0.27596249669204215,-0.5490845616113316,-0.24798667817311748,0.7303048589531678,-0.2880850778311228,-0.48918633626766217,0.06726640420746485,0.42999744078517815,-0.07199800146478792
212,07/03/2005,20.00.00,0.6087499695031122,-0.6934641772129877,0.7455590825993617,-0.6251127815959121,-0.19794585868791503,-0.6051855348803437,0.5198125364418192,-0.35871136564911044,0.2665966218784594,-0.549279005732621,-0.33655765738713656,0.6822544387320961,-0.30609804785290307,-0.4472494436760287,0.09854664055059631,0.42494832942736227,-0.06827409261125517
213,07/03/2005,21.00.00,0.5497131018077366,-0.7102105280894859,0.657526194255682,-0.6865804903994203,-0.24287237141959434,-0.6528064835073011,0.37115537540417465,-0.3995492173004133,0.32517305031534166,-0.5835212562091241,-0.5085765894323182,0.5716013785334937,-0.3192806890371292,-0.4216956245640235,0.12939385501320672,0.40257252888950457,-0.08519663138678644
214,07/03/2005,22.00.00,0.5373593524541722,-0.7536623481731219,0.6013567113545598,-0.7545527044587662,-0.28987597632127793,-0.7176541943986972,0.25638589985797133,-0.471818663276073,0.4154118342879249,-0.6300330538119534,-0.6523986129198973,0.4696286239480525,-0.33119219897732427,-0.42508529633000797,0.16523182306962414,0.3834309069733395,-0.10946890249043068
215,07/03/2005,23.00.00,0.5722086873709954,-0.7880812008221783,0.5841734529332379,-0.7873633313774663,-0.31667797497313593,-0.7531986630591452,0.20536249489748104,-0.5534616090046409,0.481148888660907,-0.660212103852239,-0.709399587593582,0.4123449607503759,-0.3451985081531256,-0.44015924709598675,0.20150603721373023,0.3765195959936375,-0.12519025684143453
216,08/03/2005,00.00.00,0.5887613906287322,-0.7809713611060878,0.5600749387963952,-0.7693279759862692,-0.319107466906308,-0.7386133740842952,0.16894795828010598,-0.6103093652767764,0.49644291069159996,-0.6630685806685531,-0.7249440023927604,0.37037639330157646,-0.359998795997533,-0.4333252016601879,0.2241280409609523,0.3686719451100295,-0.12505064186503184
217,08/03/2005,01.00.00,0.5140559763232573,-0.7322499774758356,0.4761347963527154,-0.7212928462278236,-0.3114865314743064,-0.696454524717663,0.07148648444705111,-0.6189259355821778,0.48749155051027115,-0.651592420201959,-0.7972255354925768,0.2832642255942869,-0.3707578182301444,-0.3854301853892503,0.22280944437913042,0.33860689419614676,-0.11163769600178365
218,08/03/2005,02.00.00,0.344405229846198,-0.6743802502350905,0.3308057573332204,-0.6802039798688025,-0.3109640285356887,-0.6689096403729854,-0.1055596122578994,-0.5848239252857452,0.5031243429989004,-0.645397588796438,-0.9687980879968752,0.12855158877866363,-0.37486207623423157,-0.3117496164277944,0.20443177260979117,0.2825083479428352,-0.09049883838891487
219,08/03/2005,03.00.00,0.16490196310735267,-0.6429721091118498,0.18912212863138422,-0.6667391962389411,-0.32058816372840193,-0.6754258544634162,-0.28837807241912283,-0.5378205221900805,0.5608871928430663,-0.6475921963932627,-1.164462084111076,-0.03925321041893298,-0.37602930019042047,-0.25210639718253797,0.19145417840236184,0.22482796664399224,-0.0639754950094228
220,08/03/2005,04.00.00,0.08685871293276409,-0.6454674024638285,0.13705792337605838,-0.6702924654255537,-0.32672382902295427,-0.6930918196244368,-0.3611517278503013,-0.5063545407407423,0.6214061105188703,-0.6396225682631788,-1.239744209017866,-0.11972532478375691,-0.38170898350571214,-0.23938577601702588,0.2038860304268211,0.2011459746043801,-0.032118744504195065
221,08/03/2005,05.00.00,0.15601257425726534,-0.657108843686637,0.2131875639060256,-0.6634589892416822,-0.3127088842175513,-0.679218942368394,-0.26018133404622357,-0.49302639066881154,0.618376147212461,-0.5999139761508148,-1.1015458247943528,-0.04408273942469404,-0.39551765178679854,-0.27450047171936776,0.23993784799865767,0.22723280515037794,0.0020041508725788526
222,08/03/2005,06.00.00,0.31409287832341093,-0.6469698297095896,0.3769871548647382,-0.6304536698455458,-0.2755612896479927,-0.6144022170446426,-0.02892212646741596,-0.4740577746813374,0.518516264405856,-0.5281675896540854,-0.7937378850667345,0.16711163423051478,-0.4120543812724961,-0.329357952810368,0.2735817086477479,0.28310563386777865,0.030551573866731505
223,08/03/2005,07.00.00,0.44842845995387154,-0.6082342290443297,0.5400148336052468,-0.5821001027530212,-0.23028414724550977,-0.5242774785180998,0.2135099930781354,-0.4240219549172251,0.35618890370429473,-0.4509741805192743,-0.4711097854660544,0.41507741462169256,-0.4199163818203611,-0.37317496414499807,0.27290334009118444,0.3278990030210728,0.046472532522685926
224,08/03/2005,08.00.00,0.4838073532130119,-0.5638359955175678,0.6305126417043315,-0.5445925365485345,-0.19847916420179834,-0.4588556598517716,0.3601180104807431,-0.34356714106935643,0.21005394573108777,-0.4022467563014569,-0.2858226945200041,0.5911462150718343,-0.4111322043328767,-0.3968265173395653,0.22431050348647424,0.332760055025068,0.05119188328361765
225,08/03/2005,09.00.00,0.43424592637177684,-0.5433821584820627,0.6357146566386918,-0.5349254996242414,-0.19242734643270687,-0.4492986696224544,0.3831425982172187,-0.2643883532639786,0.14256958440506534,-0.39634842094005374,-0.28606325078801587,0.6435668888356635,-0.38879494478497917,-0.4140089099177396,0.14211859680936267,0.302220503642778,0.05540925997647922
226,08/03/2005,10.00.00,0.37322358138797873,-0.5551082716313602,0.5916709954586248,-0.5474216839593267,-0.208793653866787,-0.4831532454501677,0.3293032922141253,-0.22609264058570042,0.1563260561007767,-0.4187594960157825,-0.40801055573833683,0.5921488388652252,-0.36581299783721666,-0.4416117169552325,0.05611261339198833,0.2656963613253615,0.07016092279711202
227,08/03/2005,11.00.00,0.35806734656069217,-0.5802179433780403,0.5402356722532055,-0.5628527255958097,-0.235653676730698,-0.5201480086779331,0.2612872940296301,-0.24497800532618838,0.2032573937220306,-0.44201265252249416,-0.5521211296755595,0.49140327478379203,-0.3555897848865862,-0.48104196644729796,-0.010896440884112069,0.24890416417012645,0.09563285790026374
228,08/03/2005,12.00.00,0.38291067440450144,-0.5936199429746364,0.4983620618492329,-0.568447157725217,-0.2637479229131411,-0.5310408408125373,0.20815102208232616,-0.3016138428830598,0.23255100682309132,-0.4504926427616138,-0.6622011491082642,0.3859804119785779,-0.36270874149206644,-0.5188469077277261,-0.055813974236778766,0.25283178967762837,0.11896469061110318
229,08/03/2005,13.00.00,0.40016197153514754,-0.5887743631687393,0.4642255643466118,-0.5673408085446434,-0.2904361119310334,-0.520956707349018,0.16705329564098143,-0.35666855825277854,0.22965146458251376,-0.45026651000839113,-0.7376236652719043,0.2979893260941436,-0.3814823254596029,-0.5436383808300731,-0.089173263037861,0.2587504122678493,0.12472587510013426
230,08/03/2005,14.00.00,0.38026682452447425,-0.5813934903634796,0.44280806350392754,-0.5689127550109061,-0.3143224228347916,-0.5162450676462265,0.1396977186264769,-0.3796520634305016,0.21294424354205435,-0.45620882445713584,-0.7861148967841659,0.24435027153393585,-0.4028336188443118,-0.5594975799860802,-0.11901578671641755,0.251497660356236,0.10951962583319151
231,08/03/2005,15.00.00,0.34444283639389595,-0.5894246372036801,0.4547607227771111,-0.5727144956935242,-0.3292864012690321,-0.5314231689904652,0.15187647690028386,-0.366089984825147,0.1996333329698936,-0.4717149824362935,-0.7846590910142078,0.24980450114946945,-0.42253462189754964,-0.5807656358203058,-0.1415253048720551,0.23612520760377267,0.08719577051879357
232,08/03/2005,16.00.00,0.33793292265325675,-0.611463227984376,0.5147878577731632,-0.5657240157029639,-0.3270974881527247,-0.5521175650553165,0.22839556837879108,-0.3321186027391215,0.18177138130365353,-0.48307854339938894,-0.6990950053413995,0.33109429196858964,-0.4432940722493896,-0.6138745202305375,-0.14645772820225428,0.23137716122353635,0.07889977165785249
233,08/03/2005,17.00.00,0.375737986590979,-0.627136841513198,0.6037594256888624,-0.5378914817340077,-0.3074727724732349,-0.5519699906374214,0.3505729332403289,-0.29686936218276827,0.1387110715932489,-0.47464685290124853,-0.5407815202554047,0.4670452608744392,-0.46968806067370283,-0.6465792334157178,-0.1297462800674708,0.2479740487840432,0.09591038027688875
234,08/03/2005,18.00.00,0.42152263498419357,-0.6197009711382553,0.6702821622346368,-0.49981062232551643,-0.28452575773107863,-0.5251557618345473,0.4490499988575681,-0.27135346507238417,0.07053090063208067,-0.4486977536310225,-0.390545327324341,0.5931056768366598,-0.5018345426621723,-0.6578668928936224,-0.09907069127385255,0.27513827746139047,0.13011222738858774
235,08/03/2005,19.00.00,0.42425855966089704,-0.5971038182427952,0.6685145372576358,-0.4814863791303432,-0.2802064692234678,-0.4989710792434503,0.4513593385961737,-0.2614513747800601,0.012658115748979959,-0.42834970386935334,-0.34946020383391546,0.6387438017222311,-0.5343381047603731,-0.6398714354422278,-0.0666954797985608,0.28976766825386174,0.16038685042329331
236,08/03/2005,20.00.00,0.37441877959014813,-0.5880874075346529,0.5988623489494695,-0.5089541730621239,-0.30786516533734226,-0.5108216689846234,0.3445255715340703,-0.27555654146452424,0.010801427351311732,-0.4386702032364357,-0.45428387142201443,0.5806526582904906,-0.5611635823716439,-0.6090740186637033,-0.03792784280103248,0.2788257485781233,0.16919133189564056
237,08/03/2005,21.00.00,0.3182399916371154,-0.6148943122699319,0.5097709670424243,-0.5788184460852389,-0.36012302361471515,-0.5709424605991967,0.19035441564847516,-0.3230082769822309,0.07808707530494191,-0.4835531285898675,-0.6404392386931075,0.4617981007825669,-0.5809626703316267,-0.593250906323556,-0.008176581348913511,0.2515612747270932,0.1550657043596718
238,08/03/2005,22.00.00,0.31051184384230057,-0.6688519810859646,0.4540362286033377,-0.6557282009279173,-0.4130576353107249,-0.6484785772880983,0.07233088826187767,-0.40192419368159815,0.17816515919460843,-0.5411078568538243,-0.7961943369600685,0.35349369942010567,-0.5972026652811071,-0.6048365927663423,0.02800019171726327,0.22856142667861412,0.13132124377041376
239,08/03/2005,23.00.00,0.3516969832456176,-0.7141048974188052,0.4387519491072816,-0.6979371301068239,-0.4443329459067991,-0.6967726432510034,0.02028711497401442,-0.49017190310242253,0.25479088943204153,-0.5826166735099895,-0.8628649622101129,0.2917559110865556,-0.6131860779444152,-0.6264663860001698,0.06604619490080689,0.21883850802717775,0.11389891585119756
